mom_1,mom_2,mom_3,mom_4,mom_5,mom_6,mom_7,mom_8,mom_9,mom_10,mom_11,mom_12,mom_13,mom_14,mom_15,mom_16,mom_17,mom_18,mom_19,mom_20,SCV,skewness,kurtosis,orig_size
1.000064479,2.344496704,8.385270799,40.10076736,239.8474806,1721.659033,14418.36039,137999.8472,1485916.443,17777377.37,233955740.9,3358831840,52240215703,8.74996E+11,1.57026E+13,3.00583E+14,6.11345E+15,1.32E+17,2.99E+18,7.16E+19,1.344496704,2.15025437,9.752283433,161
0.999997224,2.465929624,9.309619748,46.97975033,296.464763,2245.189691,19837.58455,200317.5443,2275634.253,28723913.33,398820497.7,6040875475,99125277312,1.75168E+12,3.31655E+13,6.69803E+14,1.44E+16,3.27E+17,7.83E+18,1.98E+20,1.465929624,2.203983566,10.02198463,87
1.000000022,2.348117488,8.729534727,44.05103018,279.5427912,2133.135366,19003.98209,193539.5346,2217606.012,28233803.69,395413515.8,6041206806,99990459505,1.78229E+12,3.40378E+13,6.93383E+14,1.50E+16,3.44E+17,8.32E+18,2.12E+20,1.348117488,2.354330223,11.12653578,14
0.999909969,2.488936241,9.430565205,47.7511923,302.3669462,2297.783026,20372.34787,206427.6535,2353141.276,29804763.88,415256285.2,6311538526,1.03924E+11,1.84282E+12,3.50115E+13,7.09527E+14,1.53E+16,3.48E+17,8.38E+18,2.12E+20,1.488936241,2.18136588,9.905145427,149
0.999941838,2.512107624,9.683000933,49.97688979,322.7294772,2501.383846,22619.86601,233774.2781,2718047.867,35113592.66,498983520.1,7735451066,1.29911E+11,2.3496E+12,4.55306E+13,9.41112E+14,2.07E+16,4.81E+17,1.18E+19,3.05E+20,1.512107624,2.229900648,10.19700558,101
1.000001242,2.513992132,9.756307478,50.7625774,330.5668181,2584.028497,23567.97369,245669.6767,2880961.167,37538947.62,538046657.4,8412915468,1.42507E+11,2.59961E+12,5.08096E+13,1.05928E+15,2.35E+16,5.50E+17,1.36E+19,3.55E+20,1.513992132,2.262268225,10.39247959,64
0.999998469,2.633455855,10.72366721,58.55979136,400.2787399,3284.511799,31446.75739,344103.7192,4236050.78,57941864.07,871800584.7,14309704999,2.54452E+11,4.87267E+12,9.99748E+13,2.18798E+15,5.09E+16,1.25E+18,3.26E+19,8.91E+20,1.633455855,2.310373423,10.66862341,48
0.999995836,2.692927976,11.0406401,60.54303011,415.371111,3420.65039,32867.35951,360931.1437,4459025.545,61208856.74,924233436.2,15224312265,2.71679E+11,5.22106E+12,1.07504E+14,2.36113E+15,5.51E+16,1.36E+18,3.55E+19,9.75E+20,1.692927976,2.252599593,10.30627821,61
1.000052324,2.715367858,11.31128227,63.16669902,441.6676279,3707.833944,36322.10064,406668.4937,5122381.389,71690880.99,1103696582,18536355400,3.37257E+11,6.6082E+12,1.38729E+14,3.10657E+15,7.39E+16,1.86E+18,4.95E+19,1.39E+21,1.715367858,2.299215891,10.60881379,193
1.000000042,2.542476721,10.4207835,58.43620743,414.2165386,3543.478902,35479.6883,406780.9857,5253050.558,75430014.87,1191993850,20555219165,3.84074E+11,7.72937E+12,1.66675E+14,3.83394E+15,9.37E+16,2.43E+18,6.62E+19,1.90E+21,1.542476721,2.502139655,12.19213017,17
0.999999905,2.53451989,10.26010558,56.81980228,398.9982577,3392.961983,33868.09656,387990.1774,5015012.063,72171776.85,1144136144,19806818119,3.71726E+11,7.51685E+12,1.62917E+14,3.76737E+15,9.26E+16,2.41E+18,6.62E+19,1.91E+21,1.53451989,2.449655649,11.88511695,31
1.000001074,2.773861058,11.88229703,68.19696851,489.7614525,4221.666385,42457.26662,487996.8475,6310092.202,90659235.03,1432785456,24702382220,4.6138E+11,9.28032E+12,2E+14,4.59756E+15,1.12E+17,2.90E+18,7.93E+19,2.28E+21,1.773861058,2.353703443,10.90420977,21
0.999998077,2.7989085,12.0750696,69.69822134,503.1563097,4359.204785,44062.18194,509000.3255,6614894.796,95518037.27,1517191505,26289607025,4.93503E+11,9.97655E+12,2.1609E+14,4.99248E+15,1.23E+17,3.19E+18,8.74E+19,2.52E+21,1.7989085,2.353461269,10.87469533,30
1.000000694,2.714858698,11.90285738,71.95885526,553.3553269,5154.362734,56298.8436,704717.9908,9938840.053,155871875.1,2690203186,50663549073,1.03377E+12,2.2718E+13,5.34927E+14,1.34E+16,3.59E+17,1.01E+19,3.02E+20,9.49E+21,1.714858698,2.564193414,12.79834857,163
1.000000166,2.775182364,12.61815563,78.46484373,614.9404946,5800.690992,63915.40141,805298.9693,11417450.73,179882989.2,3117660546,58947939694,1.20747E+12,2.66363E+13,6.29556E+14,1.59E+16,4.25E+17,1.21E+19,3.61E+20,1.14E+22,1.775182364,2.6605189,13.21476551,34
1.000002346,3.099176479,14.49255689,90.47409621,706.2903017,6617.242715,72332.68774,903627.4119,12699843.94,198319504.2,3406632914,63837205247,1.29594E+12,2.83322E+13,6.63649E+14,1.66E+16,4.40E+17,1.24E+19,3.67E+20,1.15E+22,2.099176479,2.365701891,10.91537692,24
0.999982835,3.009952897,14.07464159,88.47091095,697.0589385,6597.124896,72869.96415,920015.9906,13068258.83,206255941,3580892385,67821267644,1.39156E+12,3.07486E+13,7.27965E+14,1.84E+16,4.93E+17,1.40E+19,4.20E+20,1.33E+22,2.009952897,2.472184472,11.69110039,73
1.000033181,3.027127723,14.4500734,93.41379953,759.8976632,7441.782873,85163.50295,1114777.243,16423536.44,268907672.8,4843790613,95188375649,2.02656E+12,4.64652E+13,1.14147E+15,2.99E+16,8.33E+17,2.45E+19,7.64E+20,2.50E+22,2.027127723,2.553194682,12.35712739,128
1.000000835,2.792037091,12.72952458,80.68823618,655.8117958,6500.520138,75948.5699,1020685.292,15494422.92,262006616.9,4881153619,99298608421,2.18971E+12,5.20208E+13,1.32443E+15,3.60E+16,1.04E+18,3.17E+19,1.02E+21,3.48E+22,1.792037091,2.648421402,13.55248755,62
0.999999536,3.12156861,15.51903384,104.0095009,873.3057554,8803.288096,103541.2275,1391818.861,21047791.9,353661942.3,6536765062,1.31803E+11,2.87906E+12,6.77269E+13,1.707E+15,4.59E+16,1.31E+18,3.96E+19,1.27E+21,4.25E+22,2.12156861,2.638774954,12.81094423,13
1.000017656,3.214597138,16.05546843,107.9953008,911.6050991,9249.473848,109570.8966,1483923.018,22612455.41,382889811.4,7131945048,1.44923E+11,3.19032E+12,7.56341E+13,1.92116E+15,5.21E+16,1.50E+18,4.57E+19,1.47E+21,4.98E+22,2.214597138,2.552393047,12.24650615,172
1.00000787,3.213524523,16.25029221,110.507231,941.1053678,9622.027834,114788.488,1565095.48,24007280.39,409171775.8,7671183930,1.56895E+11,3.47629E+12,8.29487E+13,2.12063E+15,5.78E+16,1.68E+18,5.14E+19,1.66E+21,5.67E+22,2.213524523,2.614361502,12.61054786,76
0.999998235,2.914233961,14.34622372,98.54664699,861.3858785,9098.531916,112430.0312,1589470.718,25290568.38,447192232.4,8698630045,1.8459E+11,4.24356E+12,1.0506E+14,2.78684E+15,7.89E+16,2.37E+18,7.55E+19,2.54E+21,8.97E+22,1.914233961,2.870921697,15.18629427,55
1.000000092,3.208242811,17.09984293,125.0686065,1153.735743,12809.45779,166094.8794,2462344.81,41074145.72,761344049.3,15524022074,3.45324E+11,8.32178E+12,2.15971E+14,6.00535E+15,1.78E+17,5.61E+18,1.87E+20,6.60E+21,2.45E+23,2.208242811,2.887448638,14.95358304,24
0.999995637,3.305951363,17.85386286,131.5697096,1221.398298,13646.43905,178093.8296,2657602.827,44625002.09,832653877.9,17090756177,3.82696E+11,9.28353E+12,2.42526E+14,6.78838E+15,2.03E+17,6.43E+18,2.16E+20,7.66E+21,2.86E+23,2.305951363,2.837494537,14.47876881,160
0.999990193,3.514986314,19.33834631,143.4719603,1335.955907,14951.44871,195341.5078,2917482.155,49025213.67,915391215,18801576142,4.21283E+11,1.02262E+13,2.67328E+14,7.48747E+15,2.24E+17,7.10E+18,2.39E+20,8.47E+21,3.16E+23,2.514986314,2.70614484,13.31313251,140
1.000000358,3.2718481,17.32917694,126.3079562,1171.372105,13173.00677,173895.0046,2632835.142,44936186.69,853156300.9,17829457794,4.06627E+11,1.00486E+13,2.67457E+14,7.62769E+15,2.32E+17,7.50E+18,2.57E+20,9.27E+21,3.53E+23,2.2718481,2.778290061,14.26432429,38
0.999999426,3.779314442,21.42503033,161.9454289,1530.121644,17348.60004,229482.6085,3469181.121,59000628.81,1114920345,23175220038,5.25524E+11,1.29099E+13,3.41537E+14,9.68092E+15,2.93E+17,9.40E+18,3.20E+20,1.15E+22,4.34E+23,2.779314442,2.608644886,12.41763774,11
1.000000567,3.263082525,17.60023246,131.2755427,1244.062034,14259.23153,191442.1339,2943767.927,50985197.08,981850157.2,20807491370,4.81164E+11,1.20558E+13,3.25333E+14,9.40698E+15,2.90E+17,9.51E+18,3.30E+20,1.21E+22,4.66E+23,2.263082525,2.881789475,15.12301439,171
1.000000186,3.345609486,18.39920442,139.6592428,1345.899497,15680.42777,213908.0858,3340973.339,58757811.96,1148722584,24709198017,5.79886E+11,1.4744E+13,4.03724E+14,1.18E+16,3.71E+17,1.23E+19,4.34E+20,1.61E+22,6.31E+23,2.345609486,2.884535265,15.11047891,134
0.99999917,3.463782698,19.65912692,151.7699027,1474.309268,17236.1514,235457.8154,3679423.348,64722357.75,1265476994,27224452645,6.3904E+11,1.62522E+13,4.45157E+14,1.31E+16,4.09E+17,1.36E+19,4.79E+20,1.78E+22,6.97E+23,2.463782698,2.913630089,14.97737014,37
0.99999654,3.875547201,22.6778875,176.9794964,1726.577014,20213.70196,276096.1387,4309932.357,75689391.96,1476923123,31701079106,7.42299E+11,1.88298E+13,5.14396E+14,1.51E+16,4.70E+17,1.56E+19,5.48E+20,2.03E+22,7.92E+23,2.875547201,2.676518818,12.88231374,36
1.000008277,3.739565891,22.03575135,174.5505915,1732.884976,20667.66412,287732.3679,4579165.057,81995115.04,1631442293,35707535170,8.52593E+11,2.20541E+13,6.14358E+14,1.83E+16,5.84E+17,1.97E+19,7.07E+20,2.67E+22,1.06E+24,2.739565891,2.826624056,14.10295572,144
1.000000069,3.755999174,22.75240694,185.6384383,1895.694252,23218.93565,331520.4286,5405185.8,99066663.56,2016018315,45099731997,1.09998E+12,2.90488E+13,8.2574E+14,2.51E+16,8.16E+17,2.81E+19,1.03E+21,3.95E+22,1.60E+24,2.755999174,2.94722523,15.03052338,12
1.000003795,3.620770939,21.63720669,175.7879119,1794.458887,22017.95092,315376.6019,5163965.298,95135314.05,1947537285,43857006719,1.07743E+12,2.86756E+13,8.21905E+14,2.52E+16,8.27E+17,2.88E+19,1.06E+21,4.13E+22,1.69E+24,2.620770939,3.011029177,15.71887096,68
0.999999942,3.269915969,18.69826408,153.8088228,1643.690754,21473.3276,330112.6945,5822601.422,115741792.4,2558376856,62227912098,1.65144E+12,4.74826E+13,1.47029E+15,4.88E+16,1.73E+18,6.49E+19,2.58E+21,1.09E+23,4.80E+24,2.269915969,3.183860313,18.56087564,19
0.999961796,4.000033472,26.37255733,236.5495348,2665.030297,36074.09861,569867.6647,10289179.17,209001617.3,4717138650,1.17112E+11,3.17184E+12,9.30647E+13,2.94065E+15,9.96E+16,3.60E+18,1.38E+20,5.60E+21,2.40E+23,1.08E+25,3.000033472,3.150751816,16.89455809,127
1.000000795,3.968078204,26.09399794,234.1975275,2649.311241,36093.22173,574696.3383,10468214.63,214644486.3,4892071227,1.22679E+11,3.35672E+12,9.95119E+13,3.17729E+15,1.09E+17,3.97E+18,1.54E+20,6.32E+21,2.74E+23,1.25E+25,2.968078204,3.166122496,17.09862228,100
0.999999922,4.094660303,27.70360772,254.2505934,2934.532134,40780.78807,662639.3882,12324132.47,258142733.8,6012562211,1.54134E+11,4.31224E+12,1.30738E+14,4.26958E+15,1.49E+17,5.58E+18,2.21E+20,9.30E+21,4.12E+23,1.92E+25,3.094660303,3.199774333,17.22934643,11
1.00000008,3.262391545,20.34625876,185.1510474,2172.64746,30925.21134,515498.6998,9833741.348,211140355.8,5037975368,1.32239E+11,3.78672E+12,1.17471E+14,3.9245E+15,1.40E+17,5.36E+18,2.18E+20,9.35E+21,4.24E+23,2.02E+25,2.262391545,3.690679662,23.51125544,10
1.000000111,3.781320993,24.68727298,221.6849735,2518.06318,34591.55231,558058.2218,10350626.42,217157092.6,5087447285,1.31697E+11,3.73425E+12,1.15123E+14,3.83444E+15,1.37E+17,5.25E+18,2.14E+20,9.25E+21,4.23E+23,2.04E+25,2.781320993,3.30782423,18.4369826,14
1.000000534,4.234471918,28.77739,266.3134291,3107.459807,43696.13131,718513.4564,13520807.43,286464624.5,6746946746,1.74849E+11,4.9441E+12,1.51468E+14,4.99767E+15,1.77E+17,6.66E+18,2.67E+20,1.13E+22,5.07E+23,2.39E+25,3.234471918,3.107053354,16.59471908,54
0.999991336,4.071384062,28.48792429,271.8072227,3253.147431,46748.44763,783816.7897,15019652.77,323786353.9,7755589817,2.04345E+11,5.87356E+12,1.82895E+14,6.13317E+15,2.20E+17,8.45E+18,3.44E+20,1.48E+22,6.75E+23,3.23E+25,3.071384062,3.394881496,19.00507493,83
1.000007829,3.969033919,27.32075588,260.7128157,3141.659496,45548.50339,770952.8201,14915867.98,324669023.4,7852281717,2.08903E+11,6.06293E+12,1.90626E+14,6.45457E+15,2.34E+17,9.06E+18,3.73E+20,1.62E+22,7.45E+23,3.61E+25,2.969033919,3.40384251,19.53965541,83
0.999997651,4.25286363,30.22607976,293.892073,3608.771421,53479.84207,927975.2292,18446487.21,413186784.2,10294822076,2.8237E+11,8.45359E+12,2.74279E+14,9.58617E+15,3.59E+17,1.43E+19,6.09E+20,2.74E+22,1.30E+24,6.49E+25,3.25286363,3.318261157,18.47673311,137
1.000001977,4.625234946,34.72044309,350.7945108,4435.729187,67317.91644,1191935.892,24119510.23,549081464.2,13888728495,3.86439E+11,1.17297E+13,3.85707E+14,1.37E+16,5.18E+17,2.10E+19,9.02E+20,4.11E+22,1.97E+24,9.98E+25,3.625234946,3.309652248,18.00780412,31
0.99999648,5.077879039,38.7227739,393.7222635,5004.070802,76319.94462,1357999.437,27615504.59,631769591.8,16059138009,4.49033E+11,1.36969E+13,4.52616E+14,1.61E+16,6.14E+17,2.50E+19,1.08E+21,4.94E+22,2.39E+24,1.21E+26,4.077879039,3.095302141,16.01397167,37
1.000008865,4.040304373,28.74234919,288.7460367,3719.24029,58205.92206,1069434.287,22528104.4,534759928.9,14116069841,4.1006E+11,1.29976E+13,4.46366E+14,1.65E+16,6.54E+17,2.77E+19,1.24E+21,5.91E+22,2.97E+24,1.57E+26,3.040304373,3.512692293,21.09818636,108
0.99999125,5.199108193,40.86012169,428.2062461,5609.404795,88178.35013,1617163.055,33895165.71,799234177,20939583751,6.03469E+11,1.89727E+13,6.462E+14,2.37E+16,9.31E+17,3.90E+19,1.74E+21,8.20E+22,4.08E+24,2.14E+26,4.199108193,3.168352088,16.61470558,57
0.999999948,5.068574544,39.80825825,422.8120589,5648.89441,90814.93011,1705369.393,36618249.67,884763307.9,23755076893,7.01612E+11,2.26065E+13,7.89108E+14,2.97E+16,1.19E+18,5.13E+19,2.34E+21,1.13E+23,5.78E+24,3.10E+26,4.068574544,3.241601256,17.57900145,24
1.000000921,4.556577442,35.2450317,374.2450728,5027.039226,81540.84217,1548555.049,33678827.7,824995086.5,22469738684,6.73453E+11,2.20243E+13,7.80398E+14,2.98E+16,1.22E+18,5.31E+19,2.46E+21,1.21E+23,6.26E+24,3.41E+26,3.556577442,3.514867995,20.3652175,17
1.000000617,3.766463979,26.8420888,281.665871,3845.107364,63965.32007,1248728.028,27922273.1,703002240.4,19672653624,6.05644E+11,2.03414E+13,7.40144E+14,2.90E+16,1.22E+18,5.45E+19,2.59E+21,1.31E+23,6.95E+24,3.89E+26,2.766463979,3.812492858,25.33493337,62
1.000000235,4.352260597,33.35806167,356.4209441,4842.391397,79587.77229,1532796.668,33826809.86,841269965.8,23274560714,7.0891E+11,2.35703E+13,8.49401E+14,3.30E+16,1.37E+18,6.09E+19,2.87E+21,1.44E+23,7.57E+24,4.20E+26,3.352260597,3.633483469,21.89979968,50
0.999999908,5.293576617,43.11720777,468.7088927,6369.195848,103859.9942,1975872.004,42959713.32,1050791077,28558069293,8.53757E+11,2.78438E+13,9.83747E+14,3.74E+16,1.53E+18,6.64E+19,3.07E+21,1.50E+23,7.74E+24,4.21E+26,4.293576617,3.286216806,17.62978181,18
1.000000434,4.999333504,40.82269211,448.3784992,6162.771994,101660.9537,1956538.12,43034396.73,1064868176,29277465407,8.8545E+11,2.92134E+13,1.04415E+15,4.02E+16,1.66E+18,7.29E+19,3.41E+21,1.69E+23,8.81E+24,4.84E+26,3.999333504,3.478956574,19.51174028,18
1.000003788,5.043080523,40.08163056,434.8597732,5973.266107,99131.27803,1926250.698,42857080.13,1073770336,29907532974,9.16556E+11,3.06469E+13,1.11022E+15,4.33E+16,1.81E+18,8.07E+19,3.82E+21,1.92E+23,1.02E+25,5.66E+26,4.043080523,3.315349693,18.46220534,78
1.000001102,4.95981509,40.16468179,443.2529264,6158.039327,102905.4582,2007812.862,44783084.04,1123816517,31336249893,9.6116E+11,3.21613E+13,1.16583E+15,4.55E+16,1.90E+18,8.49E+19,4.03E+21,2.02E+23,1.07E+25,5.97E+26,3.95981509,3.462705608,19.7289946,36
1.000000347,4.776609732,38.54936731,426.0329955,5936.719803,99651.73555,1955718.848,43928129.67,1111167307,31254022975,9.67553E+11,3.26904E+13,1.19693E+15,4.72E+16,2.00E+18,9.00E+19,4.31E+21,2.19E+23,1.17E+25,6.60E+26,3.776609732,3.572497609,20.85815205,50
0.999998782,4.342127084,33.43814239,361.4064608,4987.690915,83518.21027,1642806.933,37109122.65,946511750,26903230799,8.43179E+11,2.88862E+13,1.07386E+15,4.31E+16,1.85E+18,8.50E+19,4.15E+21,2.15E+23,1.17E+25,6.75E+26,3.342127084,3.668100587,22.44499459,107
0.999995671,4.449420783,34.68712532,378.9713821,5296.491034,89947.66215,1795500.015,41158651.25,1064892822,30683310030,9.74099E+11,3.3776E+13,1.26984E+15,5.14E+16,2.23E+18,1.04E+20,5.10E+21,2.66E+23,1.46E+25,8.48E+26,3.449420783,3.643001813,22.18081432,81
0.999998085,5.521023465,46.93524148,532.2850989,7545.781906,128364.6915,2547614.491,57784840.14,1474505321,41805799009,1.30382E+12,4.43599E+13,1.63502E+15,6.49E+16,2.76E+18,1.25E+20,6.03E+21,3.08E+23,1.66E+25,9.41E+26,4.521023465,3.367568238,18.33054071,22
1.000000178,4.61345825,36.67483347,406.566331,5759.205056,99080.22811,2002117.735,46413660.69,1213092641,35271655763,1.12886E+12,3.94275E+13,1.4921E+15,6.08E+16,2.66E+18,1.24E+20,6.12E+21,3.21E+23,1.77E+25,1.03E+27,3.61345825,3.615515075,21.79260393,20
0.999994641,5.736732689,49.46364543,568.653383,8171.827738,140919.7888,2835119.758,65187292.48,1686191153,48462787520,1.53215E+12,5.28427E+13,1.97438E+15,7.94E+16,3.42E+18,1.57E+20,7.70E+21,3.98E+23,2.17E+25,1.25E+27,4.736732689,3.322655074,17.92684619,39
0.999986376,5.071286415,41.65370609,471.1905,6767.705104,117532.5322,2390136.513,55649566.33,1458938877,42516579664,1.36322E+12,4.76876E+13,1.8073E+15,7.38E+16,3.23E+18,1.50E+20,7.46E+21,3.91E+23,2.17E+25,1.26E+27,4.071286415,3.462002093,20.02974854,84
1.000000892,4.468787706,36.55380461,419.4681587,6116.529862,107731.2917,2220472.531,52384682.76,1391421016,41081346583,1.33446E+12,4.72921E+13,1.81568E+15,7.51E+16,3.33E+18,1.57E+20,7.89E+21,4.19E+23,2.35E+25,1.39E+27,3.468787706,3.892489462,24.68864919,55
0.99999949,5.594612901,48.58194322,563.1924188,8161.508271,141927.3675,2879445.236,66764135.95,1741527390,50474828310,1.60921E+12,5.59677E+13,2.10875E+15,8.56E+16,3.72E+18,1.73E+20,8.50E+21,4.43E+23,2.44E+25,1.42E+27,4.594612901,3.431775577,18.92105009,23
1.00002337,5.80683147,50.75735127,591.5655742,8618.209869,150664.9854,3072943.119,71628926.38,1878344320,54729229826,1.75411E+12,6.13312E+13,2.32311E+15,9.48E+16,4.14E+18,1.93E+20,9.56E+21,5.02E+23,2.78E+25,1.62E+27,4.80683147,3.35307006,18.19391891,122
0.999999573,4.455041374,37.16196164,435.1706076,6480.240474,116671.0633,2459417.823,59353142.09,1612766212,48711671052,1.61872E+12,5.86871E+13,2.30512E+15,9.75E+16,4.42E+18,2.14E+20,1.10E+22,5.97E+23,3.43E+25,2.07E+27,3.455041374,4.016858023,25.9901836,25
1.000001066,5.341064916,47.06467566,560.2805782,8353.58469,149504.1121,3121772.673,74497991.56,2000050519,59661608158,1.95768E+12,7.00772E+13,2.71753E+15,1.13E+17,5.08E+18,2.42E+20,1.23E+22,6.60E+23,3.74E+25,2.23E+27,4.341064916,3.653131143,21.28266496,18
0.999902939,5.712876215,51.38545291,617.4888435,9276.136192,167219.9359,3516867.199,84530963.43,2285747037,68674917010,2.26966E+12,8.18299E+13,3.19613E+15,1.34E+17,6.06E+18,2.91E+20,1.49E+22,8.05E+23,4.59E+25,2.76E+27,4.712876215,3.542640113,19.953996,196
1.000001244,4.584735351,38.07577734,455.01533,7014.22027,131391.0968,2885602.796,72565791.53,2054489657,64648661284,2.23798E+12,8.45205E+13,3.45809E+15,1.52E+17,7.19E+18,3.62E+20,1.94E+22,1.10E+24,6.57E+25,4.13E+27,3.584735351,3.87816655,25.46401639,28
1.000000016,4.964956257,41.07075666,475.6324826,7137.053317,131975.1424,2901712.139,73876567.24,2134804808,68947780179,2.45896E+12,9.59093E+13,4.0592E+15,1.85E+17,9.06E+18,4.73E+20,2.62E+22,1.54E+24,9.56E+25,6.24E+27,3.964956257,3.568781944,21.50892555,23
0.999999125,5.293335375,48.45740356,608.8104118,9622.477106,182764.6934,4051200.356,102635697.9,2925316394,92641678769,3.22725E+12,1.22645E+14,5.04923E+15,2.24E+17,1.06E+19,5.39E+20,2.90E+22,1.65E+24,9.95E+25,6.30E+27,4.293335375,3.886869167,24.07351516,46
1.000000737,4.957463747,43.08558762,529.2830026,8334.405689,159246.3776,3567477.263,91538998.86,2645058219,84960201181,3.00245E+12,1.15761E+14,4.8354E+15,2.18E+17,1.05E+19,5.39E+20,2.94E+22,1.70E+24,1.04E+26,6.68E+27,3.957463747,3.837703378,24.49862116,140
0.999995049,4.801829117,41.44851153,509.6419734,8054.633712,154633.76,3482185.224,89832372.12,2609943525,84293652788,2.99533E+12,1.16125E+14,4.87737E+15,2.21E+17,1.07E+19,5.53E+20,3.04E+22,1.77E+24,1.08E+26,7.00E+27,3.801829117,3.917886705,25.57492807,165
0.999995547,5.244805692,47.61527241,597.5572751,9480.950161,181252.5675,4049473.113,103480817.4,2976290576,95143624885,3.34634E+12,1.28416E+14,5.33931E+15,2.39E+17,1.15E+19,5.87E+20,3.19E+22,1.84E+24,1.12E+26,7.15E+27,4.244805692,3.874064366,24.17331221,103
1.000002149,6.018482223,56.44892729,718.4208033,11531.2437,223089.0386,5046325.284,130595843.4,3804202480,1.23159E+11,4.38648E+12,1.70444E+14,7.175E+15,3.25E+17,1.58E+19,8.19E+20,4.51E+22,2.63E+24,1.62E+26,1.05E+28,5.018482223,3.592964873,20.8748506,35
1.000001339,5.488177031,51.90966788,670.8326165,10897.83273,212834.2463,4853753.755,126578126.4,3715165113,1.21198E+11,4.3503E+12,1.70378E+14,7.22998E+15,3.30E+17,1.62E+19,8.45E+20,4.69E+22,2.76E+24,1.71E+26,1.12E+28,4.488177031,3.938135721,24.48023851,41
1.000000107,4.843011757,42.93981012,544.7823542,8945.98309,179442.4229,4236804.232,114831085,3508926212,1.19263E+11,4.46126E+12,1.82098E+14,8.05324E+15,3.84E+17,1.96E+19,1.07E+21,6.16E+22,3.77E+24,2.44E+26,1.66E+28,3.843011757,4.036639255,27.02202302,13
0.999997778,5.784417472,56.27028482,744.950208,12406.68079,248791.6014,5833535.809,156564060.7,4732321896,1.59053E+11,5.88344E+12,2.37503E+14,1.04E+16,4.90E+17,2.47E+19,1.33E+21,7.62E+22,4.62E+24,2.95E+26,1.99E+28,4.784417472,3.909850838,24.0960789,69
1.000000552,4.871558251,43.09504317,547.3053394,9030.760445,182707.9797,4365445.912,120039615.6,3728670425,1.29011E+11,4.91804E+12,2.0475E+14,9.24205E+15,4.50E+17,2.34E+19,1.30E+21,7.71E+22,4.83E+24,3.20E+26,2.23E+28,3.871558251,4.001212651,26.76333699,132
0.999999042,4.723178117,42.32274834,549.0995804,9213.138223,188451.0219,4532672.686,125104999.8,3893005062,1.34758E+11,5.13433E+12,2.13475E+14,9.61722E+15,4.67E+17,2.43E+19,1.35E+21,7.93E+22,4.95E+24,3.26E+26,2.26E+28,3.723178117,4.197229022,29.22707705,64
0.999999068,5.153111283,48.50070388,642.3571976,10834.09715,221040.9971,5282937.677,144635576.1,4461025507,1.53017E+11,5.77687E+12,2.38021E+14,1.06E+16,5.11E+17,2.63E+19,1.45E+21,8.46E+22,5.24E+24,3.42E+26,2.35E+28,4.153111283,4.140192575,27.61268278,83
0.999999176,6.204450602,63.15480032,862.2359016,14721.92689,301649.7079,7210903.527,197001048.8,6054803152,2.06771E+11,7.76731E+12,3.18303E+14,1.41E+16,6.76E+17,3.46E+19,1.89E+21,1.10E+23,6.75E+24,4.38E+26,2.99E+28,5.204450602,3.919922224,23.7700612,36
0.999998063,6.30134333,63.93345488,880.9308202,15247.37995,317095.6405,7696253.09,213500530.9,6663172199,2.31059E+11,8.81372E+12,3.66761E+14,1.65E+16,8.03E+17,4.18E+19,2.32E+21,1.37E+23,8.52E+24,5.62E+26,3.90E+28,5.30134333,3.852924738,23.48415906,181
1.000000046,4.880648531,45.05936826,603.2174156,10488.01834,222658.083,5557340.258,159052913.3,5128590416,1.83858E+11,7.25235E+12,3.12114E+14,1.46E+16,7.31E+17,3.93E+19,2.26E+21,1.38E+23,8.88E+24,6.05E+26,4.34E+28,3.880648531,4.240548431,29.83272001,14
0.999999779,6.537335398,68.24121762,954.5163449,16698.92164,350597.0984,8587751.758,240404779,7571107179,2.64931E+11,1.01976E+13,4.28208E+14,1.95E+16,9.54E+17,5.01E+19,2.80E+21,1.67E+23,1.05E+25,6.99E+26,4.89E+28,5.537335398,3.885526654,23.40921882,15
0.99999958,6.315628907,65.02004785,913.1417069,16166.13492,344525.2625,8576079.081,244081811,7816343117,2.78134E+11,1.0887E+13,4.64893E+14,2.15E+16,1.07E+18,5.72E+19,3.26E+21,1.97E+23,1.26E+25,8.53E+26,6.07E+28,5.315628907,3.922569482,24.34730071,17
1.00000034,5.181468321,50.76035113,700.8201931,12358.20884,264751.2919,6673198.565,193443486.6,6339491553,2.31744E+11,9.34814E+12,4.1242E+14,1.98E+16,1.02E+18,5.66E+19,3.35E+21,2.11E+23,1.41E+25,9.90E+26,7.34E+28,4.181468321,4.352471305,30.07591778,30
1.000004409,6.915163992,73.25904461,1039.270097,18480.82252,395111.9663,9867875.654,281900357,9065122271,3.24026E+11,1.27436E+13,5.46855E+14,2.54E+16,1.27E+18,6.83E+19,3.91E+21,2.38E+23,1.53E+25,1.04E+27,7.44E+28,5.915163992,3.789263048,22.42769331,115
1.000000221,5.686898666,59.68460548,875.0522641,16195.86784,360458.615,9363590.758,278010564.5,9286264226,3.44651E+11,1.40706E+13,6.26661E+14,3.02E+16,1.57E+18,8.75E+19,5.19E+21,3.28E+23,2.19E+25,1.54E+27,1.15E+29,4.686898666,4.397838814,30.38351798,63
1.000000201,7.126098257,77.89204394,1144.937368,21146.55329,470175.5036,12219870.6,363390140.4,12165750569,4.52738E+11,1.85378E+13,8.28183E+14,4.01E+16,2.09E+18,1.17E+20,6.95E+21,4.40E+23,2.95E+25,2.09E+27,1.55E+29,6.126098257,3.859064241,23.26531458,24
0.999993909,5.739645273,60.79467928,901.559192,16946.8277,383962.4102,10164219.27,307656499.5,10478115959,3.96536E+11,1.65075E+13,7.49677E+14,3.69E+16,1.95E+18,1.11E+20,6.72E+21,4.32E+23,2.94E+25,2.12E+27,1.60E+29,4.739645273,4.416863521,30.70729381,101
1.00000743,7.43562826,82.94861559,1233.784581,22939.25855,511800.5477,13321982.95,396304495.5,13262998090,4.93187E+11,2.01732E+13,9.00173E+14,4.35E+16,2.27E+18,1.26E+20,7.52E+21,4.75E+23,3.18E+25,2.25E+27,1.67E+29,6.43562826,3.83687798,22.78289752,95
0.999997584,6.5759762,71.18862995,1049.927263,19569.50757,440643.5865,11624934.28,351468924.3,11976488700,4.54004E+11,1.89469E+13,8.63076E+14,4.26E+16,2.27E+18,1.29E+20,7.85E+21,5.07E+23,3.47E+25,2.50E+27,1.90E+29,5.5759762,4.060252008,25.78284947,176
0.999998499,7.393569812,83.19927243,1248.62833,23423.90576,527310.8021,13849077.05,415687487.7,14036720323,5.2665E+11,2.17355E+13,9.78606E+14,4.77E+16,2.51E+18,1.41E+20,8.47E+21,5.40E+23,3.65E+25,2.60E+27,1.95E+29,6.393569812,3.898102367,23.41597808,28
0.999988001,7.484745232,85.4746384,1301.673055,24778.62247,566022.6914,15084708.21,459443669.2,15742726720,5.99357E+11,2.51005E+13,1.14675E+15,5.68E+16,3.03E+18,1.73E+20,1.05E+22,6.81E+23,4.67E+25,3.38E+27,2.57E+29,6.484745232,3.937396811,23.82004698,189
0.999997216,5.615703973,57.67404458,853.0883463,16325.72124,380616.8536,10420045.45,326922630.2,11552711538,4.53835E+11,1.96154E+13,9.24961E+14,4.73E+16,2.60E+18,1.53E+20,9.64E+21,6.44E+23,4.55E+25,3.40E+27,2.67E+29,4.615703973,4.318764962,30.65448441,129
1.000000063,6.181300367,67.16376409,1018.827978,19651.9158,457858.0908,12476314.63,388906114.3,13643049216,5.31857E+11,2.28083E+13,1.06706E+15,5.41E+16,2.95E+18,1.73E+20,1.08E+22,7.14E+23,5.01E+25,3.71E+27,2.89E+29,5.181300367,4.292030702,29.21345618,15
1.000011875,6.037400842,67.09948893,1034.002327,20082.7912,468922.7318,12779197.44,398050368,13948726631,5.43113E+11,2.32616E+13,1.08687E+15,5.50E+16,3.00E+18,1.75E+20,1.09E+22,7.22E+23,5.06E+25,3.74E+27,2.92E+29,5.037400842,4.509765705,31.48063132,114
1.000006661,7.432824645,84.81391728,1295.072515,24775.89333,569714.5748,15301701,470084384.5,16256284414,6.24895E+11,2.64311E+13,1.21984E+15,6.10E+16,3.29E+18,1.90E+20,1.17E+22,7.63E+23,5.29E+25,3.87E+27,2.97E+29,6.432824645,3.954228254,24.10310446,162
0.999999923,7.561567666,87.39165604,1355.444944,26340.75496,614799.8083,16746824.27,521418425.3,18265261144,7.1096E+11,3.04421E+13,1.42203E+15,7.20E+16,3.92E+18,2.29E+20,1.43E+22,9.44E+23,6.62E+25,4.90E+27,3.81E+29,6.561567666,3.968804251,24.34718151,28
0.999999566,6.323290909,71.8640294,1126.865938,22246.98949,527879.8152,14618349.93,462687590.7,16475474381,6.51849E+11,2.83694E+13,1.34692E+15,6.93E+16,3.84E+18,2.28E+20,1.44E+22,9.70E+23,6.91E+25,5.19E+27,4.11E+29,5.323290909,4.46946721,30.85493281,40
0.999998977,7.373740572,87.16048294,1378.684042,27198.3396,642333.6955,17663373,554246458.5,19541182559,7.64775E+11,3.28984E+13,1.54291E+15,7.84E+16,4.28E+18,2.51E+20,1.57E+22,1.04E+24,7.30E+25,5.41E+27,4.22E+29,6.373740572,4.166175336,26.37035109,25
1.000000176,5.653078649,58.05065986,862.5927984,16786.49972,403314.0549,11509482.6,379757775.4,14205847671,5.9356E+11,2.73796E+13,1.38125E+15,7.56E+16,4.46E+18,2.83E+20,1.91E+22,1.37E+24,1.04E+26,8.38E+27,7.09E+29,4.653078649,4.293191739,30.54382688,21
0.999999825,6.256669096,72.82920608,1178.412273,24040.82,589661.0166,16880618.07,552343537.4,20332611569,8.31643E+11,3.74174E+13,1.83654E+15,9.77E+16,5.59E+18,3.43E+20,2.25E+22,1.56E+24,1.15E+26,8.93E+27,7.31E+29,5.256669096,4.651370148,33.35322702,18
0.999991121,7.388339969,86.09991163,1371.156186,27685.19735,676201.2652,19354820.13,634689553.4,23446099057,9.63066E+11,4.3532E+13,2.14706E+15,1.15E+17,6.60E+18,4.07E+20,2.68E+22,1.87E+24,1.39E+26,1.08E+28,8.90E+29,6.388339969,4.083498515,26.17152143,90
1.000001055,6.745727111,81.79837308,1346.318187,27753.75604,686722.852,19824455.11,654055422.1,24276202148,1.00116E+12,4.54172E+13,2.24763E+15,1.21E+17,6.96E+18,4.30E+20,2.84E+22,1.99E+24,1.48E+26,1.16E+28,9.55E+29,5.745727111,4.615031553,32.00519185,43
0.999993797,6.826651731,82.51884139,1361.956461,28202.12159,701197.1955,20341738.26,674427319.4,25155649634,1.04254E+12,4.75275E+13,2.36366E+15,1.27E+17,7.39E+18,4.59E+20,3.05E+22,2.15E+24,1.60E+26,1.26E+28,1.04E+30,5.826651731,4.553175617,31.51228713,71
0.999999386,6.791519662,82.17816371,1359.309016,28214.07272,703167.5837,20447517.68,679549433,25407099333,1.05547E+12,4.82315E+13,2.40439E+15,1.30E+17,7.55E+18,4.71E+20,3.13E+22,2.21E+24,1.65E+26,1.30E+28,1.08E+30,5.791519662,4.577794943,31.85125337,83
0.99999303,6.098812562,69.87485821,1138.142038,23707.79628,598172.5301,17680431.67,598354317.7,22800571975,9.6574E+11,4.50034E+13,2.288E+15,1.26E+17,7.48E+18,4.75E+20,3.22E+22,2.32E+24,1.77E+26,1.42E+28,1.21E+30,5.098812562,4.653559269,34.31940587,159
0.999999917,4.511773482,42.34747642,610.823299,11837.51707,287336.0627,8375269.474,284954781.2,11085963009,4.85462E+11,2.36334E+13,1.26625E+15,7.41E+16,4.69E+18,3.21E+20,2.35E+22,1.83E+24,1.52E+26,1.34E+28,1.25E+30,3.511773482,4.68200985,37.74595586,29
1.000001074,6.010672886,71.0593302,1185.939532,25080.20207,638708.252,18994452.07,645734307.7,24698144905,1.04964E+12,4.90696E+13,2.5025E+15,1.38E+17,8.23E+18,5.24E+20,3.57E+22,2.58E+24,1.97E+26,1.59E+28,1.35E+30,5.010672886,4.906077397,37.23155548,29
0.999999786,6.492790501,74.57147915,1205.670826,25017.55897,632640.0752,18848168.95,645867725.8,25002868468,1.07843E+12,5.12603E+13,2.66123E+15,1.50E+17,9.08E+18,5.91E+20,4.10E+22,3.02E+24,2.36E+26,1.94E+28,1.68E+30,5.492790501,4.435004874,31.26676114,117
0.999995674,7.240477039,87.19808691,1447.912002,30497.39971,776680.4003,23183510.32,793467133.8,30628395658,1.31629E+12,6.23284E+13,3.22398E+15,1.81E+17,1.09E+19,7.09E+20,4.91E+22,3.61E+24,2.81E+26,2.31E+28,2.00E+30,6.240477039,4.328390154,29.26185296,119
1.000000113,7.487976707,94.50691395,1613.310724,34499.48289,885605.1908,26524097.14,907899484.5,34961363405,1.49588E+12,7.0404E+13,3.61482E+15,2.01E+17,1.20E+19,7.73E+20,5.29E+22,3.85E+24,2.96E+26,2.41E+28,2.06E+30,6.487976707,4.480433138,30.34199137,11
0.999999826,4.63649706,44.11039656,644.7529619,12758.31133,319865.8704,9737579.775,348948651.1,14372764144,6.67889E+11,3.45068E+13,1.95936E+15,1.21E+17,8.09E+18,5.81E+20,4.45E+22,3.63E+24,3.14E+26,2.87E+28,2.76E+30,3.63649706,4.643475708,37.29024142,77
0.99999995,5.272808278,55.26426913,879.7862374,18760.68553,497516.6052,15674259.25,569583808,23395158043,1.0703E+12,5.39294E+13,2.96633E+15,1.77E+17,1.14E+19,7.81E+20,5.73E+22,4.47E+24,3.69E+26,3.22E+28,2.95E+30,4.272808278,4.692571207,37.64967446,14
1.000001721,6.632908858,81.64628666,1409.557341,30991.27052,824355.9265,25677224.32,915616247.4,36759695678,1.64038E+12,8.05344E+13,4.3136E+15,2.50E+17,1.56E+19,1.05E+21,7.48E+22,5.68E+24,4.56E+26,3.87E+28,3.45E+30,5.632908858,4.768312564,35.29097043,105
0.999999801,8.287730027,107.9409186,1887.144498,41299.40149,1084905.239,33251676.85,1164749969,45899254940,2.00972E+12,9.67966E+13,5.08595E+15,2.89E+17,1.77E+19,1.17E+21,8.17E+22,6.08E+24,4.79E+26,3.99E+28,3.49E+30,7.287730027,4.324415904,28.28240581,23
1.000003433,8.614297454,113.2164512,1984.897916,43499.33452,1143954.015,35097903.36,1230682044,48547061080,2.12783E+12,1.0259E+14,5.39586E+15,3.07E+17,1.89E+19,1.24E+21,8.70E+22,6.48E+24,5.11E+26,4.26E+28,3.73E+30,7.614297454,4.253677402,27.26434918,80
0.999999851,8.826732103,119.717118,2165.733195,48974.11363,1328952.467,42072581.01,1522231787,61960513622,2.80225E+12,1.39409E+14,7.56596E+15,4.45E+17,2.82E+19,1.91E+21,1.38E+23,1.06E+25,8.65E+26,7.44E+28,6.73E+30,7.826732103,4.34945293,28.35274645,44
1.000000033,6.315393446,79.00771534,1415.15087,32526.60305,908355.7729,29809684.99,1123536823,47816562154,2.26779E+12,1.18592E+14,6.77871E+15,4.20E+17,2.81E+19,2.02E+21,1.54E+23,1.26E+25,1.09E+27,9.89E+28,9.49E+30,5.315393446,5.064299636,40.13719019,36
0.999996352,7.294793281,98.37504732,1839.934839,43377.6912,1229470.069,40672296.22,1537846769,65416819336,3.0919E+12,1.60751E+14,9.11744E+15,5.60E+17,3.71E+19,2.63E+21,1.99E+23,1.60E+25,1.36E+27,1.22E+29,1.15E+31,6.294793281,4.969874008,37.53243655,118
1.000001214,6.992651755,93.82593098,1763.0825,41874.21068,1196591.722,39917970.59,1522124249,65298104423,3.11252E+12,1.63199E+14,9.33496E+15,5.78E+17,3.86E+19,2.76E+21,2.10E+23,1.71E+25,1.46E+27,1.33E+29,1.26E+31,5.992651755,5.102131604,39.72879366,33
0.999999822,7.546507129,96.0178417,1714.085213,39450.80061,1110526.632,36901622.62,1411569209,61018486219,2.93893E+12,1.55978E+14,9.04066E+15,5.68E+17,3.85E+19,2.79E+21,2.16E+23,1.78E+25,1.55E+27,1.42E+29,1.38E+31,6.546507129,4.500201598,32.02045454,27
1.00000606,8.955474361,126.3627453,2381.467901,56106.15608,1586203.346,52318351.4,1972155439,83633627900,3.94074E+12,2.04253E+14,1.15E+16,7.07E+17,4.67E+19,3.30E+21,2.49E+23,1.99E+25,1.69E+27,1.51E+29,1.43E+31,7.955474361,4.523260879,30.44345351,76
0.999996907,8.41474305,119.3447198,2275.505742,54269.26212,1553234.012,51864349.36,1979215877,84970828199,4.05326E+12,2.12682E+14,1.22E+16,7.55E+17,5.04E+19,3.61E+21,2.75E+23,2.23E+25,1.92E+27,1.74E+29,1.66E+31,7.41474305,4.759717446,33.56978296,49
1.000001581,9.389827412,133.6589086,2536.891381,60188.83226,1713606.594,56918462.22,2160664918,92272814085,4.37842E+12,2.28536E+14,1.30E+16,8.03E+17,5.33E+19,3.80E+21,2.88E+23,2.32E+25,1.99E+27,1.79E+29,1.70E+31,8.389827412,4.423197266,29.20327917,112
1.000004532,8.610003846,120.9973142,2301.716981,54995.53765,1580507.748,53073184.81,2039105552,88214514066,4.24326E+12,2.2464E+14,1.30E+16,8.13E+17,5.48E+19,3.96E+21,3.06E+23,2.50E+25,2.17E+27,1.99E+29,1.92E+31,7.610003846,4.628531319,32.22795456,140
1.00000485,7.932121725,103.8010395,1881.448492,43706.84448,1240315.841,41597590.23,1609425375,70534798980,3.45213E+12,1.86552E+14,1.10E+16,7.08E+17,4.90E+19,3.64E+21,2.89E+23,2.44E+25,2.18E+27,2.06E+29,2.04E+31,6.932121725,4.493034907,31.44025231,170
0.999989022,6.943881727,91.39380517,1707.423688,40944.92238,1194976.628,41024152.19,1617674826,71986603063,3.56634E+12,1.94592E+14,1.16E+16,7.48E+17,5.21E+19,3.88E+21,3.09E+23,2.61E+25,2.33E+27,2.20E+29,2.19E+31,5.943881727,5.007299073,39.07487518,175
1.00000338,6.927774769,95.70942294,1866.237713,46075.46716,1371013.614,47709674.28,1900743747,85309132650,4.25905E+12,2.34109E+14,1.40E+16,9.14E+17,6.40E+19,4.81E+21,3.86E+23,3.29E+25,2.96E+27,2.82E+29,2.83E+31,5.927774769,5.330115591,43.31341674,72
1.000002695,6.620567879,87.75506976,1669.659088,40840.92604,1215859.963,42586623.04,1714266901,77939071657,3.94872E+12,2.20548E+14,1.35E+16,8.91E+17,6.36E+19,4.87E+21,3.97E+23,3.45E+25,3.17E+27,3.08E+29,3.15E+31,5.620567879,5.245248326,42.90378112,119
1.000000291,9.13902122,135.245293,2679.195112,66359.87548,1972403.469,68396412.21,2710584024,1.20849E+11,5.98666E+12,3.26225E+14,1.94E+16,1.25E+18,8.66E+19,6.44E+21,5.10E+23,4.30E+25,3.83E+27,3.61E+29,3.57E+31,8.13902122,4.7299411,33.06049271,17
1.000000206,7.489173909,103.6686718,2021.526401,50296.08791,1514666.054,53420772.29,2157033594,98064213415,4.95551E+12,2.7551E+14,1.67E+16,1.10E+18,7.77E+19,5.89E+21,4.77E+23,4.10E+25,3.73E+27,3.58E+29,3.62E+31,6.489173909,5.033212111,39.15486229,27
0.999999944,5.729094342,72.48633463,1413.880695,36351.80027,1143837.158,42309011.57,1793903569,85673960156,4.54858E+12,2.65698E+14,1.69E+16,1.17E+18,8.69E+19,6.93E+21,5.88E+23,5.31E+25,5.08E+27,5.13E+29,5.44E+31,4.729094342,5.571606754,51.65858807,94
0.999999973,8.087338593,110.6071725,2100.381487,51178.53214,1524555.887,53723824.58,2186941619,1.01009E+11,5.21947E+12,2.98348E+14,1.87E+16,1.27E+18,9.37E+19,7.40E+21,6.25E+23,5.62E+25,5.36E+27,5.40E+29,5.73E+31,7.087338593,4.682286359,33.91328533,49
0.999999978,9.220784366,141.0733707,2888.552342,73944.62487,2271533.308,81410188.34,3334497004,1.53651E+11,7.86676E+12,4.43048E+14,2.72E+16,1.81E+18,1.30E+20,9.97E+21,8.17E+23,7.11E+25,6.55E+27,6.38E+29,6.53E+31,8.220784366,4.896405574,35.16629164,10
1.000001258,7.289697427,108.799669,2280.20442,60240.2124,1912513.322,70856492.74,3000316900,1.42926E+11,7.56506E+12,4.40461E+14,2.80E+16,1.93E+18,1.43E+20,1.13E+22,9.59E+23,8.63E+25,8.22E+27,8.27E+29,8.75E+31,6.289697427,5.637760743,47.6676184,79
0.999990109,8.969098794,139.4665369,2914.129729,76145.37372,2387647.478,87346236.9,3651828349,1.71763E+11,8.97646E+12,5.16029E+14,3.24E+16,2.20E+18,1.61E+20,1.26E+22,1.05E+24,9.37E+25,8.81E+27,8.75E+29,9.15E+31,7.969098794,5.092317532,37.90272565,177
0.999993859,8.882357199,136.8592968,2859.920227,74864.08234,2352311.999,86234090.96,3612909703,1.7029E+11,8.91819E+12,5.13757E+14,3.23E+16,2.20E+18,1.61E+20,1.27E+22,1.06E+24,9.44E+25,8.90E+27,8.86E+29,9.28E+31,7.882357199,5.070554825,38.02854443,85
0.999989445,8.34982016,128.659966,2701.800999,71085.37026,2244919.62,82714375.72,3483010154,1.64999E+11,8.6849E+12,5.02854E+14,3.18E+16,2.17E+18,1.60E+20,1.26E+22,1.06E+24,9.53E+25,9.03E+27,9.03E+29,9.51E+31,7.34982016,5.300184752,41.35982345,107
1.000004205,9.722605274,152.2363507,3186.157059,83361.83665,2617279.486,95869370.16,4013299159,1.89006E+11,9.89025E+12,5.69288E+14,3.57E+16,2.43E+18,1.78E+20,1.40E+22,1.17E+24,1.04E+26,9.81E+27,9.75E+29,1.02E+32,8.722605274,4.854885845,34.60064776,143
1.000001194,8.361244721,125.6790209,2607.702338,68414.61171,2165052.019,80152157.22,3396556194,1.62087E+11,8.6003E+12,5.02214E+14,3.20E+16,2.21E+18,1.64E+20,1.31E+22,1.11E+24,1.01E+26,9.64E+27,9.74E+29,1.04E+32,7.361244721,5.13689443,39.71649902,93
1.000000052,7.830162718,116.9767415,2429.974181,64058.98137,2040709.742,76100528.27,3248517241,1.56124E+11,8.3401E+12,4.90165E+14,3.14E+16,2.18E+18,1.63E+20,1.31E+22,1.12E+24,1.02E+26,9.78E+27,9.93E+29,1.06E+32,6.830162718,5.349267097,43.0010708,24
1.000000016,4.564372619,54.00261659,1078.324432,29246.19908,979060.4601,38609923.15,1746033677,88937307302,5.03573E+12,3.13692E+14,2.13E+16,1.57E+18,1.24E+20,1.06E+22,9.58E+23,9.22E+25,9.40E+27,1.01E+30,1.15E+32,3.564372619,6.287286293,69.79279904,21
0.99999849,10.0228951,157.9932619,3326.300266,87544.74463,2764914.426,101877962.1,4290132081,2.03242E+11,1.06983E+13,6.19451E+14,3.91E+16,2.68E+18,1.97E+20,1.56E+22,1.31E+24,1.17E+26,1.11E+28,1.11E+30,1.17E+32,9.0228951,4.793716555,33.79651702,20
1.000000663,8.264661054,120.3409114,2427.400799,62651.63178,1974881.676,73591159.57,3164484007,1.54154E+11,8.38504E+12,5.03446E+14,3.31E+16,2.36E+18,1.81E+20,1.49E+22,1.31E+24,1.22E+26,1.21E+28,1.27E+30,1.39E+32,7.264661054,4.98184977,37.75678352,26
1.000003774,7.970334459,117.6058089,2451.061485,65280.2694,2107813.45,79856318.41,3470643547,1.70161E+11,9.28953E+12,5.58803E+14,3.67E+16,2.62E+18,2.01E+20,1.66E+22,1.46E+24,1.36E+26,1.35E+28,1.41E+30,1.55E+32,6.970334459,5.200059784,41.68858156,173
0.999998545,9.257339505,142.8037688,2991.877108,79044.01734,2521121.802,94255264.33,4042906769,1.95738E+11,1.05602E+13,6.2833E+14,4.09E+16,2.89E+18,2.20E+20,1.80E+22,1.57E+24,1.46E+26,1.44E+28,1.50E+30,1.65E+32,8.257339505,4.932230635,36.27269598,77
1.000000947,7.570496524,105.4407945,2114.092537,55242.83149,1775763.727,67621733.95,2971683811,1.47857E+11,8.20951E+12,5.02925E+14,3.37E+16,2.45E+18,1.92E+20,1.61E+22,1.45E+24,1.38E+26,1.40E+28,1.49E+30,1.68E+32,6.570496524,5.030793205,40.18289946,163
0.999998174,9.215313805,147.2968866,3194.012498,86776.24265,2830011.818,107681913.8,4682652504,2.29084E+11,1.24524E+13,7.44571E+14,4.86E+16,3.43E+18,2.61E+20,2.13E+22,1.85E+24,1.71E+26,1.67E+28,1.73E+30,1.88E+32,8.215313805,5.166293838,39.36969924,69
0.999999965,6.64384745,91.36955381,1894.784359,51761.79895,1734858.37,68465697.52,3099776807,1.58133E+11,8.96924E+12,5.59753E+14,3.81E+16,2.81E+18,2.23E+20,1.90E+22,1.73E+24,1.67E+26,1.70E+28,1.83E+30,2.08E+32,5.64384745,5.477192485,49.16863434,25
0.999999254,7.204668555,104.2702814,2215.504989,61024.60133,2046060.812,80493078.49,3627405840,1.84077E+11,1.03831E+13,6.4435E+14,4.36E+16,3.20E+18,2.53E+20,2.14E+22,1.93E+24,1.85E+26,1.88E+28,2.02E+30,2.28E+32,6.204668555,5.477484804,47.75976556,182
1.000000334,7.811307429,115.5990933,2455.132725,67104.10711,2230255.235,87095980.33,3904673437,1.97562E+11,1.11331E+13,6.91397E+14,4.69E+16,3.45E+18,2.74E+20,2.33E+22,2.11E+24,2.04E+26,2.08E+28,2.25E+30,2.55E+32,6.811307429,5.297178561,43.89810036,173
0.999999205,9.024079028,141.3626083,3061.183593,84098.09238,2792893.837,108647718.1,4841791177,2.43095E+11,1.35739E+13,8.34245E+14,5.60E+16,4.07E+18,3.18E+20,2.67E+22,2.39E+24,2.27E+26,2.29E+28,2.44E+30,2.73E+32,8.024079028,5.116239831,39.55647436,102
0.99999975,6.840656152,100.0702095,2172.882411,61001.69945,2077503.484,82846402.15,3780812823,1.94228E+11,1.10904E+13,6.96768E+14,4.78E+16,3.55E+18,2.84E+20,2.43E+22,2.23E+24,2.16E+26,2.23E+28,2.42E+30,2.77E+32,5.840656152,5.777262517,53.07745595,52
1.000000204,9.193601667,147.226185,3269.022795,91618.14508,3088466.961,121532951.2,5466318189,2.76606E+11,1.55521E+13,9.61859E+14,6.49E+16,4.74E+18,3.73E+20,3.15E+22,2.83E+24,2.71E+26,2.74E+28,2.93E+30,3.29E+32,8.193601667,5.186607287,40.69822642,18
0.999999917,6.153515962,76.3112105,1447.664728,37459.26326,1233517.181,49289123.97,2309946236,1.2386E+11,7.46024E+12,4.97746E+14,3.64E+16,2.89E+18,2.48E+20,2.28E+22,2.23E+24,2.33E+26,2.58E+28,3.00E+30,3.69E+32,5.153515962,5.115799453,44.29206777,55
0.99999498,8.98869612,145.5116423,3244.367877,91221.6224,3088524.263,122237486.8,5536871212,2.82467E+11,1.60264E+13,1.00101E+15,6.83E+16,5.04E+18,4.02E+20,3.43E+22,3.12E+24,3.02E+26,3.10E+28,3.35E+30,3.82E+32,7.98869612,5.338717065,42.5145773,179
0.999999863,6.531695491,88.54701349,1841.766508,51156.86411,1763553.641,72310947.32,3429897674,1.84499E+11,1.10871E+13,7.35581E+14,5.34E+16,4.20E+18,3.57E+20,3.25E+22,3.15E+24,3.26E+26,3.56E+28,4.11E+30,5.00E+32,5.531695491,5.453518324,49.79691813,41
0.999999474,10.89835994,185.0720294,4213.119027,120030.2816,4104625.986,163768025.9,7467612255,3.83079E+11,2.1835E+13,1.36902E+15,9.36E+16,6.94E+18,5.54E+20,4.73E+22,4.32E+24,4.18E+26,4.29E+28,4.65E+30,5.30E+32,9.89835994,4.957212796,36.0819533,47
0.999999573,7.530999336,108.537982,2258.917371,61459.11415,2068713.532,83052475.9,3874007466,2.05868E+11,1.22746E+13,8.11213E+14,5.88E+16,4.64E+18,3.96E+20,3.63E+22,3.56E+24,3.72E+26,4.11E+28,4.81E+30,5.93E+32,6.530999336,5.269162162,43.76970951,59
1.000000625,10.47514951,176.8944808,4012.906626,114219.891,3913096.116,156816139.9,7198889462,3.72562E+11,2.14637E+13,1.36253E+15,9.45E+16,7.11E+18,5.77E+20,5.02E+22,4.67E+24,4.62E+26,4.84E+28,5.36E+30,6.25E+32,9.475149512,5.056171101,37.48315779,121
1.000000535,7.759372341,108.3261871,2177.791238,57689.3033,1911257.221,76374138.68,3581327570,1.92843E+11,1.17193E+13,7.9263E+14,5.90E+16,4.79E+18,4.20E+20,3.97E+22,4.01E+24,4.32E+26,4.93E+28,5.94E+30,7.55E+32,6.759372341,4.953357213,39.13499141,104
1.000003105,11.73283621,208.4690933,4939.059065,146270.4029,5198172.428,215521593,10212309881,5.44388E+11,3.22442E+13,2.10081E+15,1.49E+17,1.15E+19,9.53E+20,8.47E+22,8.03E+24,8.08E+26,8.62E+28,9.70E+30,1.15E+33,10.73283621,4.98468174,36.22229078,188
0.999999683,9.667392416,173.1890158,4191.439698,126899.8169,4610641.438,195438406.9,9467829932,5.15993E+11,3.1246E+13,2.08131E+15,1.51E+17,1.19E+19,1.01E+21,9.17E+22,8.88E+24,9.14E+26,9.97E+28,1.15E+31,1.39E+33,8.667392416,5.728956949,47.30448669,17
0.999999975,7.808362101,130.4069034,3128.363737,95523.41953,3520679.361,151774388.4,7488311133,4.16043E+11,2.57015E+13,1.74748E+15,1.30E+17,1.04E+19,9.03E+20,8.39E+22,8.31E+24,8.74E+26,9.75E+28,1.15E+31,1.42E+33,6.808362101,6.134654005,57.18164598,32
1.000016344,10.41920046,183.4249453,4411.204605,133300.8672,4839326.525,205018137.1,9926944672,5.4075E+11,3.27293E+13,2.17906E+15,1.58E+17,1.25E+19,1.06E+21,9.58E+22,9.28E+24,9.55E+26,1.04E+29,1.20E+31,1.45E+33,9.419200461,5.333010374,42.12104926,105
0.999999944,10.67532551,178.3376717,3993.620433,112434.8937,3824635.297,153010027.1,7061264252,3.70496E+11,2.18545E+13,1.43623E+15,1.04E+17,8.33E+18,7.26E+20,6.88E+22,7.03E+24,7.74E+26,9.11E+28,1.14E+31,1.52E+33,9.675325509,4.928071702,35.69333396,22
1.000003722,9.59552757,168.0328458,4066.233827,123959.2971,4542757.254,194306647.5,9499277464,5.22464E+11,3.19288E+13,2.14635E+15,1.57E+17,1.25E+19,1.07E+21,9.81E+22,9.59E+24,9.96E+26,1.10E+29,1.27E+31,1.56E+33,8.59552757,5.604907679,46.67751806,70
1.000000175,9.160303159,159.1738319,3865.426489,118513.1315,4369478.444,188031776,9248365415,5.11752E+11,3.1464E+13,2.12795E+15,1.57E+17,1.25E+19,1.08E+21,9.96E+22,9.80E+24,1.02E+27,1.13E+29,1.32E+31,1.63E+33,8.160303159,5.735205615,49.26664945,10
1.000000015,12.08522032,219.49489,5315.408036,160901.0062,5844699.082,247692229.4,11996498274,6.53656E+11,3.95732E+13,2.6354E+15,1.91E+17,1.51E+19,1.28E+21,1.16E+23,1.12E+25,1.16E+27,1.26E+29,1.45E+31,1.76E+33,11.08522032,5.018991635,36.67694043,49
1.000000081,10.34678021,188.6790944,4624.602163,141749.5397,5213880.73,223742204.9,10973036016,6.05422E+11,3.71148E+13,2.50281E+15,1.84E+17,1.47E+19,1.26E+21,1.16E+23,1.14E+25,1.18E+27,1.31E+29,1.52E+31,1.87E+33,9.346780213,5.586570564,44.97324974,22
0.999999403,9.058184675,148.0938246,3440.048441,103103.9168,3780463.156,163850660.1,8192595223,4.64042E+11,2.93568E+13,2.051E+15,1.57E+17,1.30E+19,1.17E+21,1.12E+23,1.15E+25,1.25E+27,1.45E+29,1.77E+31,2.27E+33,8.058184675,5.373584692,44.64543223,169
0.999998138,10.13440519,179.8665,4432.380204,137859.1605,5156971.235,225178822.2,11238432810,6.31028E+11,3.93688E+13,2.70177E+15,2.02E+17,1.64E+19,1.43E+21,1.34E+23,1.34E+25,1.42E+27,1.59E+29,1.89E+31,2.36E+33,9.134405191,5.486391894,45.19221098,136
0.999998918,7.141605597,98.97156967,2072.291404,58887.22214,2126854.922,93255451.93,4799931845,2.82871E+11,1.87337E+13,1.37463E+15,1.11E+17,9.66E+18,9.10E+20,9.20E+22,9.93E+24,1.14E+27,1.38E+29,1.78E+31,2.40E+33,6.141605597,5.226361343,45.50065936,129
1.00003959,11.70095908,216.6935486,5360.385752,165762.2733,6151167.664,266303173,13176107353,7.33416E+11,4.53598E+13,3.08592E+15,2.29E+17,1.84E+19,1.59E+21,1.48E+23,1.46E+25,1.54E+27,1.71E+29,2.01E+31,2.49E+33,10.70095908,5.244675831,39.82913858,189
1.000000492,11.11366873,207.0716119,5190.702604,162863.4147,6133534.076,269504715,13533747956,7.64581E+11,4.79939E+13,3.31392E+15,2.50E+17,2.04E+19,1.79E+21,1.69E+23,1.69E+25,1.81E+27,2.04E+29,2.43E+31,3.06E+33,10.11366873,5.463668605,43.27166874,34
0.999999941,8.473678911,150.4540619,3806.548575,121911.288,4696660.859,211196789.7,10854706392,6.27639E+11,4.03237E+13,2.84973E+15,2.20E+17,1.83E+19,1.65E+21,1.59E+23,1.64E+25,1.79E+27,2.07E+29,2.52E+31,3.24E+33,7.473678911,6.21748836,58.23155117,86
1.000000333,11.29562841,206.9333574,5169.629829,162564.2876,6147430.152,271386405.4,13694892412,7.77512E+11,4.9048E+13,3.40353E+15,2.58E+17,2.11E+19,1.87E+21,1.77E+23,1.78E+25,1.91E+27,2.17E+29,2.60E+31,3.28E+33,10.29562841,5.298758082,41.57237722,29
0.999999656,6.461010704,97.2033322,2307.078284,73362.23515,2884794.825,134150092.7,7174637778,4.3298E+11,2.90755E+13,2.14927E+15,1.73E+17,1.52E+19,1.43E+21,1.44E+23,1.55E+25,1.77E+27,2.14E+29,2.74E+31,3.68E+33,5.461010704,6.254660732,65.52172362,61
1.000000853,7.743254023,125.6687988,2985.388428,92603.45805,3538520.184,160420868,8402269573,4.9854E+11,3.30128E+13,2.41144E+15,1.93E+17,1.67E+19,1.56E+21,1.56E+23,1.66E+25,1.88E+27,2.26E+29,2.87E+31,3.82E+33,6.743254023,5.964289024,55.55512957,112
0.999999817,5.936198398,94.55838928,2403.115943,79695.09203,3203671.894,150614812.3,8097307865,4.89815E+11,3.29229E+13,2.43422E+15,1.96E+17,1.72E+19,1.61E+21,1.63E+23,1.75E+25,2.00E+27,2.42E+29,3.09E+31,4.15E+33,4.936198398,7.180595794,84.44121797,19
1.000000141,9.721416242,172.7128408,4232.884827,131591.6328,4960700.316,220076387.4,11242127211,6.50293E+11,4.20333E+13,3.00336E+15,2.35E+17,2.00E+19,1.84E+21,1.82E+23,1.92E+25,2.16E+27,2.57E+29,3.24E+31,4.30E+33,8.721416242,5.651028513,47.29444436,38
0.999999899,6.844299282,114.3280414,2916.33197,96279.13947,3849355.469,180000761.1,9626187413,5.79258E+11,3.87321E+13,2.84886E+15,2.29E+17,1.99E+19,1.86E+21,1.87E+23,2.00E+25,2.27E+27,2.73E+29,3.47E+31,4.64E+33,5.844299282,6.780235913,73.10860743,58
1.000000766,10.55569319,199.4961703,5150.12194,167113.3747,6520669.162,297221659.9,15499865236,9.10261E+11,5.94549E+13,4.27583E+15,3.36E+17,2.86E+19,2.62E+21,2.58E+23,2.71E+25,3.03E+27,3.59E+29,4.49E+31,5.92E+33,9.555693194,5.749351253,48.32341279,47
0.999999801,12.79697243,249.7508769,6500.461395,211491.5642,8257016.513,376097166.5,19578027840,1.14654E+12,7.46052E+13,5.33999E+15,4.17E+17,3.53E+19,3.21E+21,3.14E+23,3.27E+25,3.61E+27,4.23E+29,5.23E+31,6.81E+33,11.79697243,5.26571155,40.06105674,15
1.000000438,8.927783374,156.6686616,3915.371212,126173.7159,4972778.97,231460901,12409319277,7.52195E+11,5.08197E+13,3.78424E+15,3.08E+17,2.71E+19,2.58E+21,2.63E+23,2.85E+25,3.29E+27,4.02E+29,5.19E+31,7.05E+33,7.927783374,5.908385308,53.13090049,97
1.000000338,10.52152794,195.9023475,5013.370698,162383.6487,6365008.312,293033368.9,15503152809,9.26914E+11,6.18041E+13,4.54658E+15,3.66E+17,3.19E+19,3.01E+21,3.04E+23,3.28E+25,3.76E+27,4.57E+29,5.86E+31,7.92E+33,9.521527935,5.661492197,47.31871598,65
0.999998852,8.005313436,135.7975589,3471.30268,116057.6001,4733682.701,226601084.8,12423769100,7.66895E+11,5.26138E+13,3.97101E+15,3.27E+17,2.92E+19,2.80E+21,2.88E+23,3.17E+25,3.69E+27,4.56E+29,5.95E+31,8.16E+33,7.005313436,6.136639566,60.58437623,122
0.999999729,9.065674473,163.9294185,4197.749907,137520.7645,5478665.868,256890836.4,13850871183,8.4386E+11,5.73105E+13,4.29206E+15,3.51E+17,3.12E+19,2.99E+21,3.07E+23,3.37E+25,3.93E+27,4.86E+29,6.34E+31,8.72E+33,8.065674473,6.056431689,55.23664845,54
0.999991442,12.89982247,254.4912003,6710.763638,221617.5167,8796420.368,407877417.8,21638410558,1.29263E+12,8.58635E+13,6.27786E+15,5.01E+17,4.33E+19,4.04E+21,4.03E+23,4.30E+25,4.86E+27,5.83E+29,7.38E+31,9.84E+33,11.89982247,5.305548492,40.72707262,185
0.999996379,11.92365193,239.6672585,6485.393867,219557.4237,8920226.803,422818112.9,22904652259,1.39587E+12,9.45206E+13,7.04042E+15,5.72E+17,5.04E+19,4.77E+21,4.85E+23,5.25E+25,6.05E+27,7.37E+29,9.48E+31,1.28E+34,10.92365193,5.702910599,46.89048726,104
0.999999109,11.71348115,228.749053,6152.005921,209238.5638,8575475.524,410642465.3,22484802300,1.38531E+12,9.48396E+13,7.14227E+15,5.87E+17,5.22E+19,5.01E+21,5.14E+23,5.63E+25,6.55E+27,8.08E+29,1.05E+32,1.44E+34,10.71348115,5.578173271,46.21319573,164
0.99999899,13.38121626,271.6624407,7354.487775,248877.817,10106506.64,478809558.5,25924866516,1.57915E+12,1.06878E+14,7.95688E+15,6.46E+17,5.69E+19,5.39E+21,5.47E+23,5.92E+25,6.81E+27,8.30E+29,1.07E+32,1.45E+34,12.38121626,5.360148591,41.39172328,61
1.000000607,11.48993621,229.480328,6266.052785,214972.6373,8859736.67,426091637.1,23420602406,1.44827E+12,9.95085E+13,7.52078E+15,6.20E+17,5.54E+19,5.33E+21,5.49E+23,6.04E+25,7.05E+27,8.72E+29,1.14E+32,1.56E+34,10.48993621,5.798693877,49.20149753,29
0.999999798,10.71786083,219.2432687,6077.703383,210836.5334,8777437.683,426323338.8,23664784901,1.47781E+12,1.0254E+14,7.82633E+15,6.52E+17,5.88E+19,5.71E+21,5.94E+23,6.60E+25,7.78E+27,9.72E+29,1.28E+32,1.78E+34,9.717860827,6.241828239,55.72018671,19
1.000004202,13.57518727,278.6937096,7628.993327,261046.231,10718866.7,513484301,28112365524,1.73149E+12,1.18495E+14,8.92017E+15,7.33E+17,6.52E+19,6.24E+21,6.41E+23,7.02E+25,8.17E+27,1.01E+30,1.31E+32,1.79E+34,12.57518727,5.381236495,41.69007756,45
1.000000119,12.2453661,252.0549713,6940.145968,238889.2483,9867503.5,475515602.2,26188723025,1.62262E+12,1.11706E+14,8.45918E+15,6.99E+17,6.25E+19,6.03E+21,6.22E+23,6.86E+25,8.02E+27,9.94E+29,1.30E+32,1.79E+34,11.2453661,5.762846513,47.46545218,15
0.999992536,12.60358547,259.4434677,7150.268146,246381.6443,10187808.94,491473350,27096402531,1.68064E+12,1.15824E+14,8.78034E+15,7.26E+17,6.51E+19,6.28E+21,6.49E+23,7.15E+25,8.38E+27,1.04E+30,1.36E+32,1.88E+34,11.60358547,5.657787653,45.93701554,157
1.000000531,10.17495976,198.8763209,5408.090535,186787.1697,7817719.187,384389358,21709135141,1.38437E+12,9.83482E+13,7.70006E+15,6.59E+17,6.11E+19,6.10E+21,6.54E+23,7.48E+25,9.08E+27,1.17E+30,1.59E+32,2.27E+34,9.174959759,6.129705412,55.48398695,101
1.000000377,11.47678064,212.0087831,5372.779249,174362.0355,6945369.544,329507353.8,18194824813,1.14796E+12,8.15133E+13,6.4328E+15,5.58E+17,5.28E+19,5.41E+21,5.96E+23,7.01E+25,8.79E+27,1.17E+30,1.64E+32,2.43E+34,10.47678064,5.295566689,41.82290941,44
0.999998517,9.247614887,171.8314062,4732.463214,168366.4358,7258104.965,366089086.5,21121109534,1.37124E+12,9.89241E+13,7.85045E+15,6.80E+17,6.37E+19,6.44E+21,6.97E+23,8.04E+25,9.86E+27,1.28E+30,1.76E+32,2.53E+34,8.247614887,6.167703868,60.23862648,114
1.0000006,12.94950582,272.3439914,7712.877341,273463.0786,11635451.15,577459292.4,32745156100,2.08847E+12,1.47973E+14,1.15E+16,9.80E+17,9.02E+19,8.95E+21,9.50E+23,1.08E+26,1.30E+28,1.65E+30,2.22E+32,3.14E+34,11.94950582,5.701087102,46.90921532,52
1.0000005,12.09345301,242.3422667,6683.886552,234259.2042,9955894.281,497234102.2,28530093408,1.84864E+12,1.33464E+14,1.06E+16,9.23E+17,8.71E+19,8.85E+21,9.64E+23,1.12E+26,1.38E+28,1.81E+30,2.50E+32,3.64E+34,11.09345301,5.631090162,47.00030833,53
0.999999743,9.792447947,199.7426286,5768.677236,211044.4007,9296941.98,478272730.5,28127499319,1.86114E+12,1.36836E+14,1.11E+16,9.76E+17,9.33E+19,9.61E+21,1.06E+24,1.25E+26,1.56E+28,2.06E+30,2.88E+32,4.23E+34,8.792447947,6.611272673,65.00642683,40
0.999999961,11.86282738,247.0738636,7092.091479,257632.0677,11285054.87,577790768.1,33833448097,2.22945E+12,1.6325E+14,1.31E+16,1.16E+18,1.10E+20,1.13E+22,1.24E+24,1.45E+26,1.81E+28,2.38E+30,3.31E+32,4.85E+34,10.86282738,5.962849146,52.30440387,46
0.999999739,9.646707869,195.9001213,5691.809737,210775.5632,9423820.519,492569266.9,29444631500,1.98064E+12,1.48048E+14,1.22E+16,1.09E+18,1.06E+20,1.11E+22,1.25E+24,1.49E+26,1.89E+28,2.55E+30,3.62E+32,5.41E+34,8.646707869,6.645194411,66.38202506,63
1.000001394,12.20659816,257.6114556,7479.180386,274582.6779,12166373.65,630903744,37456550128,2.50427E+12,1.8614E+14,1.52E+16,1.36E+18,1.31E+20,1.37E+22,1.53E+24,1.82E+26,2.30E+28,3.07E+30,4.35E+32,6.47E+34,11.20659816,5.943989069,51.90770079,31
1.000000154,8.784375767,183.513908,5500.597349,208184.1769,9468361.714,502497641.3,30478777257,2.07977E+12,1.57685E+14,1.32E+16,1.20E+18,1.18E+20,1.25E+22,1.42E+24,1.73E+26,2.23E+28,3.04E+30,4.38E+32,6.64E+34,7.784375767,7.328251912,79.48062629,17
1.000000728,11.02812134,231.3473724,6765.908142,251948.4523,11368792.53,601672398.8,36495268438,2.49419E+12,1.89556E+14,1.59E+16,1.45E+18,1.43E+20,1.52E+22,1.74E+24,2.12E+26,2.74E+28,3.75E+30,5.41E+32,8.24E+34,10.02812134,6.306253393,58.70624118,31
0.999999498,9.835774506,188.8513914,5291.743088,193606.8099,8705212.941,463028696.1,28386753336,1.9686E+12,1.52257E+14,1.30E+16,1.21E+18,1.23E+20,1.34E+22,1.56E+24,1.95E+26,2.59E+28,3.64E+30,5.40E+32,8.45E+34,8.835774506,6.143077922,58.82282385,53
1.000001088,11.24224804,219.6076516,6063.41219,217415.8516,9605050.252,504008263.9,30588917039,2.1051E+12,1.61802E+14,1.37E+16,1.27E+18,1.28E+20,1.39E+22,1.62E+24,2.00E+26,2.64E+28,3.69E+30,5.44E+32,8.45E+34,10.24224804,5.731783587,50.04055378,175
0.99999893,10.33059642,212.2864027,6294.564263,239286.2025,11021430.85,595138175.7,36847149789,2.57314E+12,2.00095E+14,1.71E+16,1.61E+18,1.63E+20,1.79E+22,2.10E+24,2.64E+26,3.52E+28,4.97E+30,7.43E+32,1.17E+35,9.330596418,6.431103643,63.22534607,81
0.999999981,15.12608978,343.943342,10427.67401,395182.7597,17971724.78,953516765.7,57817454393,3.94405E+12,2.98939E+14,2.49E+16,2.27E+18,2.23E+20,2.37E+22,2.69E+24,3.27E+26,4.21E+28,5.74E+30,8.27E+32,1.25E+35,14.12608978,5.661161806,45.80216224,33
1.000000159,10.55305746,226.0011507,6863.062031,265008.4845,12351061.49,673255015.4,42000980788,2.9507E+12,2.30515E+14,1.98E+16,1.86E+18,1.89E+20,2.08E+22,2.44E+24,3.06E+26,4.08E+28,5.75E+30,8.57E+32,1.35E+35,9.553057455,6.649662305,65.95788122,54
1.000000323,11.1310176,246.1439647,7611.563608,297315.813,13972685.02,766637621.6,48081116323,3.39261E+12,2.65986E+14,2.29E+16,2.16E+18,2.20E+20,2.41E+22,2.84E+24,3.56E+26,4.75E+28,6.70E+30,9.98E+32,1.56E+35,10.1310176,6.6597118,65.18838901,65
1.000000114,11.13819651,212.0659243,5645.536212,195421.4104,8413628.588,436388971.3,26597943810,1.86699E+12,1.48422E+14,1.32E+16,1.29E+18,1.38E+20,1.61E+22,2.01E+24,2.70E+26,3.86E+28,5.85E+30,9.37E+32,1.58E+35,10.13819651,5.596288876,47.2947908,69
0.999999795,15.27762172,355.915789,11090.1703,432816.111,20296122.52,1111310881,69580506231,4.90282E+12,3.83939E+14,3.31E+16,3.11E+18,3.17E+20,3.47E+22,4.08E+24,5.11E+26,6.81E+28,9.61E+30,1.43E+33,2.24E+35,14.27762172,5.784771271,47.85454749,63
1.000000259,13.84851863,323.5992545,10183.57384,400994.173,18949668.88,1044760371,65830036003,4.66642E+12,3.67537E+14,3.18E+16,3.01E+18,3.08E+20,3.40E+22,4.01E+24,5.06E+26,6.77E+28,9.60E+30,1.44E+33,2.26E+35,12.84851863,6.167666366,54.3314007,10
1.000001166,9.255222287,207.3134239,6639.348042,268206.2429,13017853.29,737286883.3,47724095095,3.47531E+12,2.81194E+14,2.50E+16,2.43E+18,2.56E+20,2.90E+22,3.51E+24,4.55E+26,6.26E+28,9.11E+30,1.40E+33,2.27E+35,8.255222287,7.654165583,86.02700521,68
1.000000062,10.78888767,229.1668678,6909.753738,268281.642,12729225.67,712757527.8,45938784847,3.34566E+12,2.71461E+14,2.43E+16,2.37E+18,2.51E+20,2.86E+22,3.49E+24,4.55E+26,6.30E+28,9.24E+30,1.43E+33,2.33E+35,9.788887671,6.491077805,63.18798772,10
1.000001158,10.37966665,213.2225119,6252.655874,236461.669,10954262.1,601547063.8,38247617991,2.76558E+12,2.2419E+14,2.01E+16,1.99E+18,2.13E+20,2.47E+22,3.08E+24,4.11E+26,5.84E+28,8.80E+30,1.40E+33,2.35E+35,9.379666651,6.408167828,62.05001903,148
0.999985548,15.64070221,368.0197726,11545.85373,452783.6896,21307705.4,1169848046,73403070012,5.18145E+12,4.06393E+14,3.51E+16,3.30E+18,3.36E+20,3.69E+22,4.35E+24,5.45E+26,7.27E+28,1.03E+31,1.53E+33,2.40E+35,14.64070221,5.767538056,47.42052627,181
0.999999685,15.13303958,356.0866663,11232.97201,443400.5219,21007073.07,1161176387,73354390133,5.21323E+12,4.11667E+14,3.58E+16,3.39E+18,3.48E+20,3.85E+22,4.55E+24,5.75E+26,7.73E+28,1.10E+31,1.65E+33,2.60E+35,14.13303958,5.885145596,49.54582945,20
1.000006369,9.99934014,229.3186088,7415.978152,301796.1211,14750286.03,841162538,54822344893,4.01965E+12,3.27474E+14,2.93E+16,2.87E+18,3.04E+20,3.47E+22,4.24E+24,5.52E+26,7.65E+28,1.12E+31,1.74E+33,2.83E+35,8.99934014,7.457148354,80.94659959,152
1.000002176,8.408754841,157.2877904,4649.579874,184996.6353,9127608.98,533613371.5,35932538613,2.73349E+12,2.31587E+14,2.16E+16,2.20E+18,2.43E+20,2.89E+22,3.69E+24,5.01E+26,7.24E+28,1.11E+31,1.79E+33,3.04E+35,7.408754841,6.64793201,74.11023702,154
0.999998365,11.0921196,235.187218,7134.529467,280022.1892,13457654.62,764059458.9,49972110894,3.6958E+12,3.04721E+14,2.77E+16,2.75E+18,2.96E+20,3.44E+22,4.28E+24,5.68E+26,8.01E+28,1.20E+31,1.89E+33,3.13E+35,10.0921196,6.360139706,61.43619688,134
1.000001769,12.02467898,259.8931101,7955.175624,314277.9697,15175333.33,864184486.7,56607400849,4.18781E+12,3.45054E+14,3.13E+16,3.10E+18,3.33E+20,3.86E+22,4.79E+24,6.33E+26,8.90E+28,1.32E+31,2.08E+33,3.44E+35,11.02467898,6.168957789,57.46709166,194
0.999999534,15.94262566,382.8348311,12257.53893,490574.6491,23560694.39,1320134060,84535630985,6.08996E+12,4.87468E+14,4.29E+16,4.12E+18,4.29E+20,4.81E+22,5.77E+24,7.39E+26,1.01E+29,1.45E+31,2.20E+33,3.53E+35,14.94262566,5.834430516,48.45375647,19
0.999999575,14.22104681,343.6044873,11107.56147,448880.3199,21768316.87,1231589623,79634098420,5.79275E+12,4.68196E+14,4.16E+16,4.04E+18,4.24E+20,4.80E+22,5.82E+24,7.53E+26,1.03E+29,1.50E+31,2.31E+33,3.73E+35,13.22104681,6.301729656,56.15382866,12
0.999999812,14.56473039,341.2449508,10831.51834,433591.9351,20941056.01,1183835288,76637616464,5.58815E+12,4.53072E+14,4.04E+16,3.94E+18,4.15E+20,4.72E+22,5.74E+24,7.46E+26,1.03E+29,1.50E+31,2.32E+33,3.76E+35,13.56473039,5.995890155,51.90667087,25
0.999998981,15.58006927,375.9774508,12107.02003,487341.5407,23540237.59,1326585388,85438092625,6.19043E+12,4.98364E+14,4.41E+16,4.26E+18,4.46E+20,5.03E+22,6.07E+24,7.82E+26,1.07E+29,1.55E+31,2.37E+33,3.82E+35,14.58006927,5.949764057,50.30420782,64
0.999999991,11.51431117,230.7963108,6522.539815,241422.1031,11169850.79,623514221.3,40821048154,3.06416E+12,2.59E+14,2.43E+16,2.50E+18,2.80E+20,3.39E+22,4.41E+24,6.11E+26,9.01E+28,1.41E+31,2.32E+33,4.03E+35,10.51431117,5.814995129,51.2474223,10
1.000000252,16.17095352,392.2908244,12688.76924,513027.7027,24891054.73,1408940632,91145223082,6.63327E+12,5.36388E+14,4.77E+16,4.63E+18,4.87E+20,5.51E+22,6.68E+24,8.65E+26,1.19E+29,1.73E+31,2.66E+33,4.30E+35,15.17095352,5.851645447,48.72148834,11
1.000002432,13.18689783,301.0092955,9576.451098,389586.6013,19239850.55,1114913837,74045471975,5.53996E+12,4.60853E+14,4.22E+16,4.21E+18,4.56E+20,5.31E+22,6.63E+24,8.83E+26,1.25E+29,1.87E+31,2.96E+33,4.93E+35,12.18689783,6.192361029,56.88467715,94
0.999999955,16.25892344,397.3693693,12949.01658,527459.3409,25782355.14,1470289834,95824225588,7.02587E+12,5.72377E+14,5.13E+16,5.01E+18,5.31E+20,6.06E+22,7.40E+24,9.65E+26,1.34E+29,1.96E+31,3.03E+33,4.94E+35,15.25892344,5.881890042,49.19408652,23
0.999999703,10.28384805,214.5441977,6695.638673,274680.2249,13825230.16,819777009.2,55791514099,4.27966E+12,3.65062E+14,3.43E+16,3.51E+18,3.89E+20,4.65E+22,5.96E+24,8.14E+26,1.18E+29,1.81E+31,2.94E+33,5.02E+35,9.283848052,6.564515261,68.40904686,130
0.99999537,16.23744304,399.131784,13081.77791,535953.509,26349270.47,1511322553,99068889010,7.30584E+12,5.98633E+14,5.40E+16,5.31E+18,5.65E+20,6.48E+22,7.97E+24,1.04E+27,1.46E+29,2.15E+31,3.34E+33,5.48E+35,15.23744304,5.925044004,49.87373733,145
0.999999646,14.77764721,352.6150804,11423.79279,467781.3021,23146972.92,1342102568,89174090295,6.67671E+12,5.56012E+14,5.10E+16,5.10E+18,5.53E+20,6.45E+22,8.07E+24,1.08E+27,1.53E+29,2.29E+31,3.63E+33,6.06E+35,13.77764721,6.067281875,53.20202412,22
1.000000069,8.868165799,192.4393162,6357.167598,271437.3103,14027623.26,847760843.7,58595316317,4.55727E+12,3.93856E+14,3.74E+16,3.88E+18,4.36E+20,5.28E+22,6.84E+24,9.46E+26,1.39E+29,2.16E+31,3.55E+33,6.14E+35,7.868165799,7.604520194,91.06442579,19
1.0000006,12.70432909,294.6860175,9473.230312,387929.131,19295759,1129226814,75977089521,5.77522E+12,4.89216E+14,4.57E+16,4.66E+18,5.15E+20,6.15E+22,7.85E+24,1.07E+27,1.55E+29,2.38E+31,3.86E+33,6.58E+35,11.70432909,6.457485994,61.0820696,80
1.000000257,9.817780771,231.0406159,7814.748077,334350.2981,17201600.08,1032889296,70886784202,5.47314E+12,4.69534E+14,4.43E+16,4.56E+18,5.09E+20,6.11E+22,7.86E+24,1.08E+27,1.57E+29,2.43E+31,3.96E+33,6.80E+35,8.817780771,7.775202448,89.34021675,78
1.000000099,9.076543107,186.2053344,5827.814551,242549.7303,12502880.29,764384817.1,53866898840,4.28955E+12,3.80416E+14,3.72E+16,3.96E+18,4.58E+20,5.70E+22,7.59E+24,1.08E+27,1.63E+29,2.61E+31,4.41E+33,7.85E+35,8.076543107,7.013294456,78.7123943,50
1.000000265,10.50633035,213.3290466,6216.141053,238721.1338,11496403.4,669304321.2,45764385837,3.59143E+12,3.17617E+14,3.12E+16,3.37E+18,3.95E+20,5.01E+22,6.82E+24,9.91E+26,1.53E+29,2.51E+31,4.34E+33,7.89E+35,9.506330347,6.271189632,60.00712907,68
1.000003793,14.31976061,363.6497882,12509.51281,539966.6793,28039075.06,1702322399,1.18343E+11,9.27103E+12,8.08209E+14,7.76E+16,8.14E+18,9.26E+20,1.13E+23,1.49E+25,2.09E+27,3.12E+29,4.93E+31,8.23E+33,1.45E+36,13.31976061,6.63806868,62.77809537,181
1.000000023,12.73956437,307.5916213,10541.37708,461448.4763,24429460.94,1513157325,1.07225E+11,8.55123E+12,7.57841E+14,7.39E+16,7.86E+18,9.05E+20,1.12E+23,1.49E+25,2.12E+27,3.19E+29,5.09E+31,8.57E+33,1.52E+36,11.73956437,6.746655736,68.09336089,30
1.000006166,10.84088283,243.4525918,8035.136733,345061.8903,18157756.73,1128962004,80889625481,6.5569E+12,5.92829E+14,5.91E+16,6.44E+18,7.62E+20,9.70E+22,1.33E+25,1.93E+27,2.99E+29,4.91E+31,8.50E+33,1.55E+36,9.840882826,6.897411392,73.55602463,187
1.000002049,13.9371151,312.5596685,9749.602761,394705.6635,19794123.79,1187907795,83074626437,6.63073E+12,5.942E+14,5.90E+16,6.43E+18,7.61E+20,9.73E+22,1.33E+25,1.96E+27,3.05E+29,5.03E+31,8.77E+33,1.61E+36,12.9371151,5.861462838,51.26392991,177
0.999996761,12.39260604,293.41843,10107.00084,449528.8326,24269682.83,1534797000,1.11078E+11,9.04827E+12,8.1909E+14,8.16E+16,8.86E+18,1.04E+21,1.32E+23,1.80E+25,2.60E+27,4.00E+29,6.52E+31,1.12E+34,2.03E+36,11.39260604,6.715675794,69.37802388,51
1.000000621,17.36676952,458.2281941,16123.03691,709124.9861,37426558.6,2304539026,1.62174E+11,1.28389E+13,1.12937E+15,1.09E+17,1.15E+19,1.32E+21,1.62E+23,2.14E+25,3.02E+27,4.51E+29,7.14E+31,1.19E+34,2.10E+36,16.36676952,6.163846834,53.72480845,25
1.000000033,14.88940749,381.4396436,13320.78546,587197.9552,31225257.75,1942922350,1.38394E+11,1.11004E+13,9.89801E+14,9.71E+16,1.04E+19,1.21E+21,1.51E+23,2.02E+25,2.88E+27,4.36E+29,7.01E+31,1.19E+34,2.12E+36,13.88940749,6.54457107,61.58838847,16
1.000000239,15.29032378,376.1580862,12517.96355,526108.9859,26783932.23,1605600810,1.1103E+11,8.71883E+12,7.67842E+14,7.51E+16,8.08E+18,9.49E+20,1.21E+23,1.66E+25,2.46E+27,3.88E+29,6.52E+31,1.16E+34,2.18E+36,14.29032378,6.151066281,54.36507144,58
1.000003375,17.03164411,451.44913,15976.06622,706745.3253,37517871.23,2323593514,1.64465E+11,1.30961E+13,1.15868E+15,1.13E+17,1.20E+19,1.38E+21,1.71E+23,2.26E+25,3.20E+27,4.82E+29,7.68E+31,1.29E+34,2.28E+36,16.03164411,6.268181329,55.5202737,61
0.999999501,13.78191497,359.1333402,12931.29645,586862.6471,32031771.5,2041045940,1.48662E+11,1.21823E+13,1.10923E+15,1.11E+17,1.21E+19,1.44E+21,1.83E+23,2.50E+25,3.64E+27,5.64E+29,9.25E+31,1.60E+34,2.91E+36,12.78191497,6.997899489,70.84490842,60
0.999999561,12.91191237,309.9593196,10463.23775,453827.1576,24063979.74,1509632887,1.09446E+11,9.00795E+12,8.29963E+14,8.46E+16,9.46E+18,1.15E+21,1.51E+23,2.14E+25,3.23E+27,5.19E+29,8.84E+31,1.59E+34,3.02E+36,11.91191237,6.645779407,65.52703838,94
1.000000218,16.9858228,460.046267,16677.0904,756039.9705,41131596.64,2610696988,1.89378E+11,1.54545E+13,1.40132E+15,1.40E+17,1.52E+19,1.79E+21,2.28E+23,3.10E+25,4.49E+27,6.92E+29,1.13E+32,1.95E+34,3.53E+36,15.9858228,6.431809291,58.44657994,19
1.000001553,10.41180697,227.8001095,7558.844496,334847.0571,18468691.14,1214858902,92590172689,8.00903E+12,7.74194E+14,8.26E+16,9.65E+18,1.22E+21,1.67E+23,2.44E+25,3.82E+27,6.35E+29,1.12E+32,2.07E+34,4.05E+36,9.411806967,6.876898768,75.71639531,190
0.999998505,14.31668592,345.6049764,11790.46495,521597.5071,28333442.18,1821962067,1.35196E+11,1.13631E+13,1.06659E+15,1.11E+17,1.25E+19,1.55E+21,2.06E+23,2.94E+25,4.49E+27,7.29E+29,1.25E+32,2.28E+34,4.38E+36,13.31668592,6.269225502,59.1591852,137
0.999999494,17.75987884,488.3770318,17925.65954,822484.4724,45285862.64,2909005257,2.13559E+11,1.76378E+13,1.61856E+15,1.63E+17,1.80E+19,2.15E+21,2.76E+23,3.80E+25,5.57E+27,8.69E+29,1.44E+32,2.50E+34,4.60E+36,16.75987884,6.3704761,57.23061379,43
1.00000001,17.72350139,488.6547317,17968.31588,825892.8353,45553451.47,2931335953,2.15577E+11,1.78357E+13,1.6396E+15,1.66E+17,1.83E+19,2.19E+21,2.81E+23,3.88E+25,5.71E+27,8.92E+29,1.48E+32,2.58E+34,4.74E+36,16.72350139,6.396929795,57.62763651,16
1.000000284,13.81121335,323.4357308,10793.04155,474036.0864,25948455.9,1700753612,1.29573E+11,1.12246E+13,1.0875E+15,1.16E+17,1.36E+19,1.73E+21,2.36E+23,3.47E+25,5.43E+27,9.03E+29,1.59E+32,2.96E+34,5.78E+36,12.81121335,6.193500191,58.36428801,73
0.999999994,18.58451183,518.6128542,19296.32719,897462.1913,50088594.73,3261433263,2.427E+11,2.03181E+13,1.88997E+15,1.93E+17,2.16E+19,2.61E+21,3.40E+23,4.74E+25,7.06E+27,1.12E+30,1.87E+32,3.30E+34,6.15E+36,17.58451183,6.304143158,56.04637445,79
0.999999591,14.91750361,388.710332,14019.13228,644202.2143,35947508.25,2359446255,1.78051E+11,1.51855E+13,1.44427E+15,1.52E+17,1.74E+19,2.17E+21,2.91E+23,4.19E+25,6.46E+27,1.06E+30,1.83E+32,3.36E+34,6.49E+36,13.91750361,6.663173485,64.79605315,46
1.00000064,12.76351447,316.622524,11326.92357,524531.4998,29733991.08,1992000616,1.53874E+11,1.34553E+13,1.3131E+15,1.41E+17,1.66E+19,2.13E+21,2.93E+23,4.33E+25,6.83E+27,1.14E+30,2.03E+32,3.81E+34,7.52E+36,11.76351447,6.9481158,73.23309787,86
1.000007904,13.7741426,372.4207948,14266.85998,692022.5593,40387840.74,2751496248,2.14254E+11,1.87695E+13,1.827E+15,1.96E+17,2.28E+19,2.89E+21,3.94E+23,5.75E+25,8.96E+27,1.48E+30,2.60E+32,4.80E+34,9.35E+36,12.7741426,7.295840079,78.78994873,155
1.000000856,10.08151886,229.9375627,8204.061628,393505.1727,23451975.99,1659425938,1.35431E+11,1.24966E+13,1.28477E+15,1.46E+17,1.80E+19,2.41E+21,3.48E+23,5.39E+25,8.90E+27,1.56E+30,2.90E+32,5.68E+34,1.17E+37,9.081518864,7.369757248,89.01961721,68
0.999998911,19.07811654,551.8667237,21285.87718,1026263.702,59375533.13,4007771865,3.09165E+11,2.68306E+13,2.58719E+15,2.74E+17,3.18E+19,3.98E+21,5.37E+23,7.77E+25,1.20E+28,1.97E+30,3.41E+32,6.25E+34,1.21E+37,18.07811654,6.461081572,58.71726479,139
1.000000483,13.1322766,378.0145918,14960.50276,741832.8609,44149852.54,3065536415,2.43263E+11,2.17169E+13,2.15416E+15,2.35E+17,2.80E+19,3.61E+21,5.01E+23,7.45E+25,1.18E+28,1.99E+30,3.56E+32,6.71E+34,1.33E+37,12.1322766,8.060349396,91.88153635,38
0.999999892,17.78577515,515.4319742,20059.80814,977249.7041,57150061.39,3899552046,3.041E+11,2.66792E+13,2.60068E+15,2.79E+17,3.26E+19,4.13E+21,5.64E+23,8.25E+25,1.29E+28,2.13E+30,3.74E+32,6.93E+34,1.35E+37,16.78577515,6.748010334,64.24492564,29
1.000001164,16.65579939,464.8876438,17889.14725,871572.0452,51228950.94,3521105439,2.76871E+11,2.45033E+13,2.41001E+15,2.61E+17,3.08E+19,3.94E+21,5.42E+23,8.00E+25,1.26E+28,2.11E+30,3.73E+32,6.97E+34,1.37E+37,15.65579939,6.730388858,65.79464529,102
1.000003146,17.95755892,525.6628004,20572.33033,1006495.686,59091262.41,4047448469,3.16834E+11,2.79019E+13,2.7302E+15,2.94E+17,3.45E+19,4.39E+21,6.01E+23,8.83E+25,1.38E+28,2.30E+30,4.05E+32,7.53E+34,1.47E+37,16.95755892,6.784863345,64.59350921,79
0.999999889,10.23891597,244.4690496,9202.153225,460144.4818,28237886.66,2039126839,1.68853E+11,1.57509E+13,1.6334E+15,1.86E+17,2.32E+19,3.13E+21,4.54E+23,7.07E+25,1.17E+28,2.07E+30,3.86E+32,7.62E+34,1.58E+37,9.238915973,7.682877375,97.03545193,82
1.000000497,16.65632207,490.2687179,19381.23417,958034.0352,56828755.59,3932805284,3.11049E+11,2.76763E+13,2.73617E+15,2.98E+17,3.53E+19,4.54E+21,6.28E+23,9.31E+25,1.47E+28,2.48E+30,4.41E+32,8.28E+34,1.64E+37,15.65632207,7.13973504,71.46323635,15
1.000006027,15.43434731,442.9619154,17577.28735,878778.3805,52820943.1,3705810493,2.97169E+11,2.68096E+13,2.68743E+15,2.96E+17,3.56E+19,4.65E+21,6.52E+23,9.80E+25,1.57E+28,2.68E+30,4.83E+32,9.21E+34,1.85E+37,14.43434731,7.269524233,76.29005775,179
0.999992681,19.71921252,583.2978003,23005.40296,1134173.172,67098075.27,4631137273,3.65306E+11,3.24175E+13,3.19638E+15,3.47E+17,4.10E+19,5.26E+21,7.26E+23,1.07E+26,1.69E+28,2.84E+30,5.04E+32,9.44E+34,1.86E+37,18.71921252,6.496357315,59.32357575,32
0.999997317,14.40798902,366.5367065,13634.78015,666462.5941,40089880.77,2847946669,2.32551E+11,2.142E+13,2.19492E+15,2.48E+17,3.05E+19,4.06E+21,5.83E+23,8.98E+25,1.47E+28,2.57E+30,4.74E+32,9.25E+34,1.90E+37,13.40798902,6.626061691,68.15258823,92
0.999999515,13.29607379,377.6594035,15096.64124,762684.532,46359564.98,3289825626,2.66854E+11,2.43527E+13,2.46936E+15,2.75E+17,3.35E+19,4.42E+21,6.27E+23,9.54E+25,1.55E+28,2.67E+30,4.87E+32,9.38E+34,1.90E+37,12.29607379,7.88019237,90.36621832,45
1.000000282,10.6940877,260.4277292,9680.982972,474476.2912,28653672.98,2050877602,1.69523E+11,1.58793E+13,1.66122E+15,1.92E+17,2.42E+19,3.32E+21,4.91E+23,7.79E+25,1.32E+28,2.37E+30,4.52E+32,9.09E+34,1.93E+37,9.694087696,7.631664612,92.58213568,175
1.000000609,19.59767223,583.1379594,23136.19469,1147420.564,68286446.67,4741252411,3.76222E+11,3.35851E+13,3.33125E+15,3.63E+17,4.33E+19,5.58E+21,7.75E+23,1.15E+26,1.83E+28,3.08E+30,5.51E+32,1.04E+35,2.06E+37,18.59767223,6.562700527,60.47944016,37
1.000000324,17.35802008,490.1671581,18745.03039,906752.2596,53187842.66,3673253597,2.9221E+11,2.63261E+13,2.6501E+15,2.95E+17,3.59E+19,4.75E+21,6.80E+23,1.04E+26,1.71E+28,2.98E+30,5.52E+32,1.08E+35,2.22E+37,16.35802008,6.651942139,63.10339495,58
0.999999932,10.53873165,222.1189232,7117.489368,311492.7341,17495728.43,1207552934,99097118497,9.42398E+12,1.01777E+15,1.23E+17,1.64E+19,2.38E+21,3.76E+23,6.38E+25,1.16E+28,2.24E+30,4.60E+32,9.99E+34,2.28E+37,9.538731646,6.534328097,69.12216242,155
1.000000197,12.53559185,337.7180689,12937.10285,634157.4646,37887850.24,2673825240,2.17847E+11,2.01324E+13,2.08103E+15,2.38E+17,2.98E+19,4.06E+21,5.96E+23,9.41E+25,1.59E+28,2.85E+30,5.42E+32,1.09E+35,2.30E+37,11.53559185,7.710936933,87.61144702,81
1.000000017,9.084942511,192.4739169,6542.258646,309963.3322,18731069.75,1365229394,1.15924E+11,1.12118E+13,1.21577E+15,1.46E+17,1.93E+19,2.76E+21,4.29E+23,7.17E+25,1.28E+28,2.44E+30,4.93E+32,1.05E+35,2.37E+37,8.084942511,7.273952347,89.09595741,76
1.00000005,13.46320273,337.7331178,12215.08789,579000.6828,34020281.99,2387389725,1.94845E+11,1.81289E+13,1.8934E+15,2.19E+17,2.79E+19,3.85E+21,5.76E+23,9.26E+25,1.59E+28,2.91E+30,5.63E+32,1.15E+35,2.49E+37,12.46320273,6.803389877,70.44250663,90
0.99999973,16.82528328,476.0065021,18579.42881,922488.8832,55530604.34,3925004184,3.18389E+11,2.91374E+13,2.9685E+15,3.33E+17,4.08E+19,5.42E+21,7.76E+23,1.19E+26,1.95E+28,3.39E+30,6.25E+32,1.22E+35,2.49E+37,15.82528328,6.791098161,66.9756477,140
0.99999157,13.76217269,393.6798035,15920.35077,815172.0474,50252599.51,3617493933,2.97687E+11,2.75611E+13,2.8353E+15,3.21E+17,3.96E+19,5.30E+21,7.63E+23,1.18E+26,1.94E+28,3.39E+30,6.28E+32,1.23E+35,2.52E+37,12.76217269,7.773168167,88.56700545,165
1.000000465,19.37525767,584.4171374,23515.00583,1182715.286,71383297.66,5026431243,4.04497E+11,3.66204E+13,3.68373E+15,4.08E+17,4.92E+19,6.43E+21,9.06E+23,1.37E+26,2.20E+28,3.76E+30,6.81E+32,1.30E+35,2.62E+37,18.37525767,6.706923735,63.05518744,48
1.000000227,15.19831796,440.8278202,17541.84422,881368.2448,53500573.09,3808686420,3.11144E+11,2.86872E+13,2.94611E+15,3.33E+17,4.12E+19,5.53E+21,7.99E+23,1.24E+26,2.05E+28,3.60E+30,6.71E+32,1.32E+35,2.73E+37,14.19831796,7.424886832,78.70701801,89
1.000004159,17.65473762,510.1763027,19947.87806,985365.4597,58928393.95,4141648077,3.34655E+11,3.05669E+13,3.11401E+15,3.50E+17,4.30E+19,5.74E+21,8.26E+23,1.27E+26,2.10E+28,3.68E+30,6.82E+32,1.34E+35,2.76E+37,16.65473762,6.756266336,64.92931393,115
1.000000765,18.36665005,553.8243701,22413.13727,1134571.988,68924722.51,4885045027,3.95689E+11,3.60573E+13,3.65081E+15,4.07E+17,4.94E+19,6.50E+21,9.22E+23,1.40E+26,2.27E+28,3.90E+30,7.11E+32,1.37E+35,2.77E+37,17.36665005,6.918703471,67.32428975,25
0.99999891,9.970040089,230.1798513,8564.417902,434437.3989,27488557.5,2064364794,1.78546E+11,1.74329E+13,1.89423E+15,2.27E+17,2.96E+19,4.18E+21,6.37E+23,1.04E+26,1.81E+28,3.35E+30,6.56E+32,1.36E+35,2.95E+37,8.970040089,7.529033309,95.70421224,177
0.999996758,17.69136848,531.6046603,21615.76495,1100880.274,67299775.45,4800108679,3.91276E+11,3.58812E+13,3.65603E+15,4.10E+17,5.01E+19,6.64E+21,9.47E+23,1.45E+26,2.36E+28,4.09E+30,7.49E+32,1.45E+35,2.96E+37,16.69136848,7.046654453,70.32433684,88
1.000000436,13.00847128,358.717314,14395.44939,743479.9862,46624282.62,3428883510,2.88871E+11,2.74076E+13,2.89074E+15,3.35E+17,4.25E+19,5.83E+21,8.61E+23,1.36E+26,2.30E+28,4.12E+30,7.83E+32,1.57E+35,3.31E+37,12.00847128,7.730517509,90.39754864,163
0.999996785,13.38068206,355.4022424,13686.39128,687626.4246,42539134.35,3119062365,2.63877E+11,2.52589E+13,2.6956E+15,3.17E+17,4.07E+19,5.67E+21,8.51E+23,1.37E+26,2.35E+28,4.28E+30,8.26E+32,1.68E+35,3.61E+37,12.38068206,7.282802689,80.51901053,85
0.999999824,14.87244701,443.4037687,18373.70418,957490.7249,59931094.38,4377024573,3.65349E+11,3.43076E+13,3.57957E+15,4.11E+17,5.14E+19,6.98E+21,1.02E+24,1.60E+26,2.66E+28,4.72E+30,8.87E+32,1.76E+35,3.67E+37,13.87244701,7.756814129,86.70706834,68
1.000000043,6.538344596,174.6514815,7572.435409,419011.1782,27881205.21,2164914702,1.9212E+11,1.91804E+13,2.12765E+15,2.60E+17,3.46E+19,4.98E+21,7.74E+23,1.29E+26,2.29E+28,4.31E+30,8.61E+32,1.81E+35,4.02E+37,5.538344596,12.04843143,225.2795936,11
0.999998473,9.686681133,231.4814657,9122.743337,485056.7609,31766878.36,2449771392,2.16657E+11,2.15854E+13,2.39079E+15,2.91E+17,3.87E+19,5.58E+21,8.65E+23,1.44E+26,2.55E+28,4.80E+30,9.58E+32,2.02E+35,4.47E+37,8.686681133,7.98445783,109.357339,61
