mom_1,mom_2,mom_3,mom_4,mom_5,mom_6,mom_7,mom_8,mom_9,mom_10,mom_11,mom_12,mom_13,mom_14,mom_15,mom_16,mom_17,mom_18,mom_19,mom_20,orig_size,skewness,kurtosis,SCV
1,1.29005334,1.778048694,2.521566538,3.645279842,5.350888064,7.957563962,11.97217096,18.20515769,27.96195175,43.36099778,67.8658817,107.1818636,170.7769167,274.4802763,444.9526817,727.4298084,1199.228378,1993.466055,3341.005658,160,-0.58965261,1.779271694,0.29005334
1,1.277482574,1.817496128,2.75647749,4.382137353,7.243141849,12.39030682,21.87278068,39.76890479,74.3665173,142.8621295,281.6825454,569.5876296,1180.359814,2505.231143,5442.665508,12097.00311,27493.92925,63869.99772,151594.592,47,-0.102290177,1.966170757,0.277482574
1,1.250701652,1.724968692,2.53383638,3.918736313,6.345445066,10.71803779,18.83012081,34.32764163,64.80673314,126.486601,254.8511758,529.4236483,1132.721273,2493.634897,5643.749622,13122.05118,31321.36663,76703.70731,192611.071,92,-0.216179372,2.198387047,0.250701652
1,1.208354614,1.608802543,2.282729066,3.408271823,5.323824732,8.671451472,14.69461847,25.86207511,47.20350789,89.2367505,174.5374392,352.8396684,736.5842473,1586.622908,3523.825806,8064.116219,19003.71222,46091.3293,114994.7118,126,-0.170982052,2.249317565,0.208354614
1,1.682792668,3.034742194,5.56302896,10.31891571,19.35878985,36.72620306,70.44867682,136.6205702,267.8270691,530.6861447,1062.714928,2150.519776,4397.143122,9083.476647,18955.82651,39957.48563,85069.71001,182907.0944,397121.3189,118,-0.024168384,1.117137877,0.682792668
1,1.238043039,1.713489416,2.5520807,4.019081399,6.625835445,11.36196719,20.17701553,36.99003393,69.84336124,135.5828061,270.2174393,552.276074,1156.431385,2478.852213,5435.49714,12184.57322,27907.09552,65271.56324,155821.4612,72,-0.005507999,2.230343433,0.238043039
1,1.487134213,2.440572256,4.202794099,7.499753881,13.80114317,26.12580256,50.79890004,101.3465155,207.288169,434.3594468,931.890596,2045.858542,4593.581785,10543.26826,24725.23239,59217.42537,144781.7472,361203.692,919159.3157,105,-0.061266676,1.531018748,0.487134213
1,1.608026457,2.671398828,4.516251767,7.764636378,13.57196699,24.11161633,43.52699786,79.82345625,148.6742393,281.1716315,539.8065423,1051.813878,2079.600091,4171.283504,8486.32963,17508.31024,36623.42306,77657.337,166892.0301,122,-0.322032703,1.295158649,0.608026457
1,1.203879235,1.59001896,2.273889057,3.509905614,5.8470476,10.51671095,20.41587728,42.70043713,95.91260855,230.376162,588.896151,1594.449208,4552.541361,13655.80291,42896.10277,140743.2969,481337.4969,1713158.653,6338555.373,91,-0.234839403,3.298036316,0.203879235
1,1.273391425,1.694193704,2.314684315,3.231509337,4.601214581,6.675425063,9.861955933,14.82953006,22.6885109,35.30620695,55.86331213,89.84742042,146.8478061,243.8358381,411.2312218,704.2514267,1224.39388,2160.571653,3868.798652,138,-0.88130502,2.384950559,0.273391425
1,1.338869984,1.962068144,2.990866028,4.694448066,7.573439757,12.55579511,21.39379155,37.46972731,67.46101899,124.8518143,237.4915507,464.1971213,931.9555506,1920.947193,4062.658075,8810.363804,19577.49315,44542.8212,103688.226,100,-0.276490291,1.531036925,0.338869984
1,1.05204404,1.155258904,1.313484667,1.53526217,1.834395114,2.231111884,2.753940691,3.442510743,4.351618847,5.557075564,7.164096081,9.319369317,12.22848605,16.18122674,21.58844579,29.03616414,39.36534048,53.79017417,74.07454662,186,-0.073546941,1.740131046,0.05204404
1,1.442164701,2.236865735,3.524996993,5.596469878,8.940619762,14.36902485,23.23092149,37.78053595,61.80406374,101.694694,168.3050756,280.1555809,469.018684,789.6881631,1337.154873,2276.955434,3899.064129,6714.067452,11625.64592,194,-0.304838194,1.17908395,0.442164701
1,1.323199554,1.909986462,2.912982839,4.620436972,7.545969398,12.61133739,21.48934103,37.25189411,65.60836085,117.2983829,212.7674762,391.4054762,730.0041217,1380.042598,2643.8375,5131.772804,10090.47764,20095.23455,40526.58637,119,-0.324435986,2.031767912,0.323199554
1,1.097536207,1.244772768,1.45281555,1.742900665,2.147473112,2.715609671,3.522115794,4.682354729,6.376621994,8.890707462,12.68429269,18.50785398,27.60522017,42.06940873,65.47642996,104.0299591,168.6575537,278.9031038,470.2557116,67,-1.570379904,6.195710032,0.097536207
1,1.385656148,2.072954413,3.200868154,5.062554912,8.18740097,13.52975042,22.83406229,39.33987459,69.16033562,124.017079,226.7457233,422.5413805,802.2639597,1551.437374,3054.756192,6122.174258,12484.98308,25899.671,54638.62673,63,-0.350793415,1.49926977,0.385656148
1,1.382241849,2.145777401,3.543334094,6.130090138,11.0497491,20.69343435,40.18309965,80.77316687,167.8264543,359.9404237,795.8414712,1811.903252,4243.054347,10209.72974,25219.20538,63892.53424,165889.5455,441075.7068,1200139.563,161,-0.00401207,1.736209821,0.382241849
1,1.355370758,2.057853823,3.347180145,5.769360289,10.50088329,20.14648868,40.6885153,86.40353044,192.7164874,451.0844385,1107.397655,2850.981063,7700.086276,21838.62262,65139.51609,204738.5252,679520.9617,2385941.899,8873018.982,65,-0.038983078,1.963675617,0.355370758
1,1.247161065,1.670428328,2.325938514,3.344314443,4.956695072,7.567035247,11.89253956,19.2321224,31.9871262,54.68993207,96.07425775,173.3209734,320.9298547,609.6053631,1187.209406,2369.207506,4842.084275,10129.12912,21676.14439,95,-0.578260794,2.082084193,0.247161065
1,1.399623258,2.114362945,3.282162091,5.191877416,8.35476129,13.66947936,22.73202257,38.41266445,65.94024004,114.9635244,203.5167744,365.7389581,667.0775834,1234.586855,2318.013172,4414.387559,8525.09381,16692.37904,33131.88678,131,-0.334515059,1.392934264,0.399623258
1,1.26344746,1.746616269,2.589922767,4.089837239,6.845313003,12.09919681,22.51540246,43.99742602,90.0725935,192.7831522,430.5575684,1001.666302,2423.531088,6089.262262,15866.27884,42817.91067,119536.1117,344836.4934,1026870.318,112,-0.323370076,2.653174945,0.26344746
1,1.792729549,3.299712669,6.152840457,11.61823252,22.21260762,42.99202088,84.22488277,166.9914224,335.032974,680.0807255,1396.542581,2900.756785,6093.625868,12944.72291,27804.08538,60376.9129,132534.308,294056.3967,659369.2645,92,-0.111185758,1.13040151,0.792729549
1,1.292821941,1.866267421,2.834571806,4.436292436,7.096661865,11.55883766,19.12618958,32.10344844,54.60356563,94.03503412,163.8667331,288.8115672,514.6279145,926.8101777,1686.531811,3100.348639,5756.508266,10793.74507,20435.75982,176,-0.076983478,1.474537601,0.292821941
1,1.139742469,1.32416009,1.558637954,1.857890226,2.242282156,2.739613673,3.388071997,4.240500608,5.37058097,6.881845733,8.920914948,11.69707526,15.51145381,20.80080901,28.20374841,38.66160438,53.57325502,75.03451865,106.2111031,106,-1.819862664,5.144030287,0.139742469
1,1.119652342,1.295840896,1.537091158,1.864670166,2.310373659,2.920741302,3.764266296,4.942704625,6.608896082,8.995156855,12.45906975,17.55828897,25.1743969,36.72086244,54.49730877,82.30217382,126.5088715,197.9868374,315.5883305,117,-1.52496037,5.004065983,0.119652342
1,1.22202864,1.56316487,2.050543477,2.742215664,3.729903022,5.15444175,7.232472471,10.29998068,14.88322413,21.81512459,32.42803766,48.87615285,74.68011674,115.6565325,181.5212926,288.6868115,465.2046228,759.6339704,1257.285417,96,-0.983763497,2.638225037,0.22202864
1,1.161483293,1.480435591,1.999778358,2.814371036,4.094989247,6.138575972,9.463292597,14.98623465,24.35885636,40.60954446,69.39482992,121.4766642,217.709909,399.2527318,748.8200749,1435.662621,2812.336855,5626.335998,11490.49751,124,-0.061861032,1.799900919,0.161483293
1,1.221735784,1.641412277,2.392546829,3.758490608,6.354925211,11.67337765,23.98990944,58.31011971,177.753276,683.4038872,3124.443718,15841.23235,85096.85781,473368.245,2698672.922,15695600.69,92933666.93,559608394.7,3424956658.0,137,-0.227894261,3.199568782,0.221735784
1,1.167427366,1.453846167,1.872872437,2.471886394,3.331274226,4.576503219,6.401506801,9.107498927,13.16605486,19.32181107,28.76072676,43.3877592,66.28848927,102.5022223,160.3262164,253.5319291,405.1582162,654.050054,1066.210163,198,-0.70701396,2.213617885,0.167427366
1,1.244006987,1.688529862,2.370729217,3.384828146,4.889215897,7.133478404,10.50727888,15.62101339,23.43705807,35.48380213,54.20672912,83.54818165,129.9114178,203.774892,322.4142168,514.5239243,828.1196893,1344.143395,2200.04913,194,-0.360825317,1.354593444,0.244006987
1,1.289863557,1.858496461,2.882355053,4.755821078,8.30049135,15.26220304,29.46319523,59.53436174,125.5702838,275.7799527,629.263103,1488.798578,3645.921928,9227.050443,24098.56837,64869.98176,179773.5741,512376.5801,1500464.729,96,-0.07108958,2.232189754,0.289863557
1,1.301383156,1.847168095,2.739001107,4.19948766,6.637841764,10.80207508,18.08157628,31.10771226,54.9645383,99.67318121,185.3828241,353.4146493,690.1842404,1379.954273,2823.245041,5907.34438,12635.1768,27612.79592,61628.67385,66,-0.344393101,1.746388936,0.301383156
1,1.049597748,1.147611095,1.299453896,1.517006001,1.819805347,2.237608908,2.814719917,3.616881268,4.742108267,6.337734177,8.627413653,11.95428267,16.85061556,24.15138574,35.1813089,52.06611417,78.25594883,119.4146743,184.9466199,124,-0.107023456,2.681371121,0.049597748
1,1.121171425,1.352256887,1.724891675,2.308647507,3.22800282,4.701128521,7.114907909,11.16881325,18.15491192,30.51321513,52.95513851,94.7820051,174.7659539,331.6307614,647.0046447,1296.677598,2667.304534,5627.259224,12167.29577,117,-0.266893117,2.921344398,0.121171425
1,1.178931093,1.529551607,2.095060189,2.968603424,4.311194365,6.389785064,9.645630498,14.81374044,23.13192822,36.70988225,59.18775205,96.92459532,161.1674391,272.0553142,466.0949503,810.2770534,1429.03429,2556.304945,4637.214317,70,-0.095677577,1.575455719,0.178931093
1,1.524442252,2.510937445,4.308887001,7.666643137,14.1498894,27.12999964,54.10860675,112.3220257,242.5923264,544.3543969,1266.118804,3043.672809,7538.64043,19179.3424,49983.78591,133135.2536,361823.297,1002373.148,2830790.259,187,-0.164272056,1.497204853,0.524442252
1,1.047728797,1.135345996,1.260770045,1.42604434,1.636636284,1.901342346,2.232648437,2.647502392,3.168530875,3.825798355,4.659275384,5.722269708,7.086190057,8.847175731,11.13535911,14.12786718,18.06716309,23.28705522,30.24977424,169,-0.751912369,2.527984168,0.047728797
1,1.398748407,2.1849078,3.70132163,6.713664229,12.91284259,26.13916862,55.37853321,122.2861759,280.5828808,667.3744351,1642.459292,4176.150379,10956.12098,29624.61621,82477.16427,236216.6,695385.1482,2102554.203,6524780.127,140,-0.045026258,2.227548566,0.398748407
1,1.036734355,1.109613524,1.221142605,1.376897922,1.585884465,1.861287021,2.221689388,2.69290431,3.310644344,4.124385982,5.202957166,6.642643253,8.579006197,11.20422062,14.79266469,19.73894711,26.61479556,36.2547438,49.8860841,134,-0.083734602,2.293321827,0.036734355
1,1.36874974,2.082638374,3.290759065,5.305327442,8.683704081,14.40493109,24.19901349,41.15442055,70.84927582,123.4874612,218.0014125,390.0948374,708.4078629,1308.028988,2462.678098,4747.565065,9427.273522,19436.66191,42020.89125,147,-0.10544208,1.27010309,0.36874974
1,1.151323567,1.354269374,1.613392923,1.945331889,2.373493437,2.929961838,3.658951886,4.62183943,5.904462145,7.62778309,9.96357535,13.15765575,17.56454688,23.6995602,32.31762034,44.53342427,62.00594162,87.2237723,123.9497179,175,-1.693717934,4.55293424,0.151323567
1,1.009174312,1.027691272,1.055976353,1.094727778,1.144944649,1.207969125,1.285545124,1.37989706,1.493833514,1.63088246,1.795466929,1.993133013,2.230846124,2.517376819,2.863804822,3.284179842,3.796391377,4.423318393,5.194355544,109,0.191565257,3.055045872,0.009174312
1,1.902504886,5.41839144,20.72477859,99.86839674,581.2756638,3967.091951,31064.00179,274545.5694,2704294.306,29395968.75,349906580.7,4533464581.0,63641389804.0,964848000000.0,15764300000000.0,277279000000000.0,5249150000000000.0,1.07e+17,2.35e+18,153,1.995466262,9.166487429,0.902504886
1,1.006802721,1.020500717,1.041327263,1.069662698,1.106045783,1.151190509,1.206009105,1.271642253,1.349497901,1.44130048,1.549152897,1.675614358,1.82379794,1.997492982,2.201318797,2.440918122,2.72320117,3.056654374,3.45173215,147,0.16495722,3.040816327,0.006802721
1,1.531906552,3.012776976,7.118346039,19.71490898,63.05262376,228.9346413,925.6189013,4092.459161,19503.78538,99206.37375,535521.2635,3062025.615,18579361.21,120333479.7,840418696.8,6417438069.0,54363898829.0,516062000000.0,5492820000000.0,139,1.075084838,4.448809101,0.531906552
1,1.008547009,1.025787128,1.052089362,1.08805823,1.134556444,1.192738826,1.264099269,1.350533407,1.454420592,1.578730044,1.727157655,1.90430203,2.115891145,2.3690747,2.672802226,3.038313642,3.479778017,4.015128481,4.667157893,117,0.184900065,3.051282051,0.008547009
1,1.005952381,1.017928005,1.03610529,1.060774464,1.092345132,1.131357459,1.178497353,1.234616274,1.300756432,1.37818241,1.468420544,1.573307726,1.695051776,1.83630609,2.000261991,2.190763133,2.412447498,2.670924016,2.972992803,168,0.15430335,3.035714286,0.005952381
1,1.010526316,1.031800554,1.064383729,1.109199886,1.167578828,1.241320649,1.332786381,1.445021023,1.581917752,1.74843541,1.950885826,2.197313509,2.497998515,2.866124612,3.318670604,3.8776046,4.571491739,5.437669121,6.525202945,95,0.20519567,3.063157895,0.010526316
1,1.006493506,1.019564851,1.039426504,1.066424595,1.10104877,1.143946774,1.195944354,1.258071334,1.331594983,1.41806219,1.519352346,1.637743438,1.775994508,1.937448554,2.126161076,2.347060928,2.606152069,2.910767246,3.26988788,154,0.161164593,3.038961039,0.006493506
1,1.705416397,3.497410423,7.637982714,17.12800038,38.97986655,89.66802546,208.1947115,487.6316747,1151.849121,2743.604696,6589.144568,15954.55305,38945.56135,95834.10551,237707.5353,594290.8782,1497481.496,3802801.193,9731940.107,156,0.643339767,1.770131919,0.705416397
1,1.086497308,1.270623073,1.57654317,2.045503625,2.742907992,3.769876892,5.281724109,7.517357871,10.84618871,15.84338433,23.41142884,34.97793258,52.81998584,80.60013593,124.2589688,193.5131706,304.3894402,483.5439519,775.6829641,178,0.437558504,1.742194748,0.086497308
1,1.729860437,4.364502271,13.67795186,49.00654468,193.9614977,834.6791201,3865.193671,19094.34498,99873.38713,549670.6523,3167686.193,19043893.92,119103058.9,773219582.5,5201692426.0,36209613583.0,260496000000.0,1934610000000.0,14817100000000.0,184,1.884295098,6.756393251,0.729860437
1,1.34108065,2.127242035,3.726268201,6.994215161,13.88337635,28.95628972,63.21956329,144.1092588,342.275526,845.5666018,2169.386658,5772.09929,15906.60398,45346.94166,133585.9844,406221.695,1273883.957,4115872.574,13689364.33,29,0.522093238,2.267431736,0.34108065
1,1.005181347,1.015597734,1.031384227,1.052760066,1.080033643,1.113609819,1.153999812,1.201834001,1.257878074,1.323053103,1.398460275,1.485411173,1.585464775,1.700472583,1.832633665,1.984561844,2.15936781,2.360759626,2.593166014,193,0.14396315,3.031088083,0.005181347
1,1.798869398,4.200924837,10.66873298,28.13787638,76.29400056,212.1377782,604.2993603,1762.437382,5259.702189,16053.46523,50086.63055,159666.8958,519818.0189,1727597.714,5858788.712,20266241.96,71477898.94,256946590.3,941091454.4,82,1.126453784,2.598354723,0.798869398
1,1.012987013,1.039298364,1.079790508,1.135883521,1.209642192,1.303900025,1.422436391,1.57022199,1.75375443,1.981514746,2.264588281,2.61751113,3.059428593,3.615688337,4.320043208,5.217714524,6.369677471,7.858692984,9.797850993,77,0.227921153,3.077922078,0.012987013
1,1.525600872,3.166310144,7.963318105,22.65519404,70.50303736,236.1166465,843.4947825,3196.360898,12796.72206,53953.31447,238910.3918,1108450.938,5376985.677,27218630.98,143527703.7,787130695.3,4482844058.0,26476344698.0,161959000000.0,46,1.547053171,5.254840831,0.525600872
1,1.058823529,1.183391003,1.39222471,1.719806995,2.225632581,3.011149963,4.251035242,6.251522414,9.561151928,15.18535894,25.01117944,42.66612963,75.29316993,137.2993099,258.4457598,501.6888278,1003.377656,2065.777526,4374.587703,17,0.48507125,3.352941176,0.058823529
1,1.005405405,1.016274653,1.032754783,1.055084616,1.083600416,1.118744213,1.161075076,1.211283727,1.270211044,1.3388711,1.418479652,1.510489143,1.616631624,1.738971314,1.879968988,2.042560901,2.230255686,2.447253537,2.698593089,185,0.147042924,3.032432432,0.005405405
1,1.763920469,5.52511685,45.77878184,743.8766782,16020.17141,409093.6496,11991964.27,396374186.8,14578403536.0,590366000000.0,26097200000000.0,1250280000000000.0,6.45e+16,3.57e+18,2.11e+20,1.32e+22,8.76e+23,6.1399999999999995e+25,4.5300000000000006e+27,131,3.344919164,53.56957535,0.763920469
1,1.859832599,4.611974153,12.84866756,37.90921254,116.0716859,366.0186101,1184.934544,3932.070871,13362.11677,46468.33548,165278.6783,600937.6689,2232468.218,8470049.178,32805151.74,129649958.4,522640449.8,2148161302.0,8999187834.0,89,1.294968652,3.46236257,0.859832599
1,1.008928571,1.026945153,1.054452613,1.092111634,1.140866618,1.201984473,1.277108502,1.368330538,1.478285671,1.610275463,1.768427517,1.957901894,2.185158364,2.458303159,2.787540189,3.185760216,3.669313106,4.259024141,4.981537165,112,0.188982237,3.053571429,0.008928571
1,1.996290046,4.694474672,11.95308099,32.10600802,90.05389068,262.5622625,793.7417657,2483.732617,8033.932369,26831.73212,92430.47969,328104.2986,1199089.713,4507874.058,17419318.3,69136637.96,281643193.5,1176837869.0,5040665947.0,144,0.709549464,2.168986405,0.996290046
1,1.191429579,1.732337124,3.055738201,6.301717359,14.52445032,36.13155503,94.92978398,260.2103682,739.0956921,2166.9165,6542.121532,20306.9424,64732.19398,211714.4974,709907.5431,2438818.857,8578596.876,30879055.84,113681638.1,47,1.887020002,7.503480678,0.191429579
1,1.011235955,1.033960359,1.068812955,1.116849492,1.179593846,1.259117026,1.358148703,1.480229485,1.629915612,1.813052198,2.037137301,2.311807499,2.649487246,3.066260521,3.583046002,4.227189103,5.034629719,6.052869437,7.345055047,89,0.211999576,3.06741573,0.011235955
1,1.00617284,1.018594726,1.037457592,1.063073829,1.095884749,1.136473073,1.185579934,1.244127092,1.313245263,1.394309786,1.488985142,1.599280337,1.727617648,1.876917939,2.050706637,2.253245564,2.489697259,2.766330288,3.090776433,162,0.15713484,3.037037037,0.00617284
1,1.007246377,1.02184415,1.044058154,1.074320709,1.113245372,1.161647345,1.220571486,1.291329253,1.375546378,1.475223652,1.592813943,1.731319503,1.894414819,2.086601829,2.313406376,2.581627405,2.899653969,3.277869705,3.729170606,138,0.170251306,3.043478261,0.007246377
1,1.027777778,1.084876543,1.175282922,1.305869913,1.487240734,1.73511419,2.072497505,2.533052506,3.166315632,4.045847753,5.28207901,7.042772014,9.585995241,13.31388228,18.86133323,27.244148,40.10944011,60.16416016,91.91746691,36,0.333333333,3.166666667,0.027777778
1,1.463771835,2.473604915,4.480677008,8.499124451,16.72126011,33.93399522,70.75613446,151.126176,329.8608385,734.3968858,1665.368677,3842.176408,9010.406693,21463.66506,51904.80766,127365.5457,317005.5806,800032.2043,2046669.381,198,0.260547785,1.715087221,0.463771835
1,1.359803708,2.203207834,3.932495626,7.429462561,14.54812997,29.19101803,59.64030587,123.63935,259.5661822,551.2250643,1183.352499,2567.011178,5625.406929,12451.16533,27831.19592,62815.4002,143141.5171,329296.3855,764696.7919,182,0.573601995,2.151161106,0.359803708
1,1.351952789,2.0771384,3.338850838,5.462998806,9.023493841,15.0087468,25.11881974,42.28846625,71.60854001,121.9557973,208.8896073,359.8260506,623.3262326,1085.853789,1902.159004,3350.644656,5934.754358,10569.55806,18926.81967,186,0.101916774,1.146468833,0.351952789
1,1.014084507,1.042650268,1.086705913,1.147928781,1.228768836,1.332608456,1.463992389,1.628949277,1.835435806,2.093947891,2.418362353,2.827099652,3.344737616,4.004263343,4.850234472,5.943245058,7.366275564,9.233782045,11.70479414,71,0.237356332,3.084507042,0.014084507
1,1.345792613,2.083690368,3.54561933,6.500948028,12.72804073,26.50981147,58.66849275,137.9474643,344.6035037,914.0386969,2570.499316,7646.785739,23992.67122,79143.15328,273575.0637,987986.2853,3717568.598,14540441.2,58997018.47,116,0.22775867,2.388621672,0.345792613
1,1.142375036,1.532636598,2.457535875,4.66213127,10.11046767,24.11623338,61.45874316,164.3828141,456.8996925,1312.631221,3886.166539,11835.20011,37032.35997,118944.3152,391863.2443,1323316.132,4577878.589,16213870.57,58761712.22,112,1.964033939,8.940990577,0.142375036
1,1.788832147,4.24135644,11.49531952,33.84496582,106.3164079,353.5306926,1238.895481,4560.931005,17594.68232,70969.09818,298725.1411,1309853.847,5973395.669,28289231.79,138939159.5,706767567.0,3719287592.0,20225115045.0,113532000000.0,41,1.248710195,3.636583769,0.788832147
1,1.635680725,3.041082232,6.066224328,12.81235564,28.54576807,67.112959,167.3285005,448.2592462,1326.472567,4546.471063,19099.85051,101227.6868,660659.0288,5040290.834,43009149.22,399773818.4,3991704944.0,42493830993.0,480093000000.0,139,0.264469772,1.771832456,0.635680725
1,1.885239644,4.346070415,10.83564293,28.2117445,75.68353532,207.8515076,582.2688436,1660.258031,4811.888111,14162.77162,42305.56403,128191.6494,393891.9621,1226933.507,3873308.467,12389789.06,40149411.17,131779264.2,438017704.5,176,0.828855799,2.249474734,0.885239644
1,1.328667048,2.114381688,3.824587134,7.599206781,16.23526182,36.85336476,88.37149585,223.3857338,595.1977265,1672.741947,4961.685332,15533.07213,51276.33285,178167.069,650012.6158,2483038.595,9903193.382,41127488.94,177423919.6,113,0.681341699,3.138828949,0.328667048
1,1.15646566,1.48035708,2.016652474,2.851145452,4.127025577,6.074827705,9.062988848,13.68185374,20.88324358,32.21352446,50.20550396,79.0423599,125.6911494,201.8531508,327.345945,536.0141537,886.1400659,1478.922733,2491.533456,141,0.177086709,1.389543564,0.15646566
1,1.944662104,5.246281616,16.49025418,55.52030585,193.8349009,693.7702497,2535.444743,9446.467164,35854.17329,138568.3736,545111.0931,2182038.053,8885149.586,36793134.05,154898615.2,662811730.6,2881918615.0,12729538771.0,57105377735.0,126,1.538192801,4.676337414,0.944662104
1,1.005235602,1.015761629,1.031716,1.053322618,1.080896509,1.114851373,1.1557098,1.204116493,1.260854967,1.326868316,1.403284816,1.491449307,1.592961563,1.709723144,1.843994595,1.998465347,2.176339226,2.381439257,2.618336356,191,0.144714921,3.031413612,0.005235602
1,1.090909091,1.289256198,1.640871525,2.23755208,3.254621207,5.029869138,8.230694953,14.21665492,25.84846349,49.34706666,98.69413332,206.3604606,450.2410049,1023.275011,2418.650026,5936.686428,15111.56545,39839.58165,108653.4045,11,0.603022689,3.545454545,0.090909091
1,4.62843893,40.66610644,410.0513342,4375.75085,48813.61037,567398.171,6859478.507,86117000.09,1121196563.0,15118710406.0,210897000000.0,3039960000000.0,45232700000000.0,694068000000000.0,1.1e+16,1.79e+17,2.99e+18,5.14e+19,9.09e+20,64,4.164117529,20.67191632,3.62843893
1,3.752474279,23.25698441,194.2713287,2032.550245,25541.43452,374687.7886,6284861.812,118641876.6,2489232448.0,57462603016.0,1447340000000.0,39498500000000.0,1160970000000000.0,3.66e+16,1.23e+18,4.39e+19,1.66e+21,6.61e+22,2.78e+24,31,3.065699134,15.93933595,2.752474279
1,3.231459309,13.6933803,61.77509387,285.8213517,1345.690538,6434.205432,31221.61803,153703.668,767500.7999,3886414.967,19953097.9,103843782.1,547747302.8,2927738884.0,15854829315.0,86975048607.0,483237000000.0,2718870000000.0,15488600000000.0,162,1.799681186,4.697409025,2.231459309
1,3.714889717,29.14528132,403.6307418,8754.188359,284175.1456,13393613.98,854843710.1,67852134566.0,6285540000000.0,654650000000000.0,7.51e+16,9.36e+18,1.26e+21,1.82e+23,2.7999999999999997e+25,4.58e+27,7.930000000000001e+29,1.45e+32,2.79e+34,113,4.471106348,41.56213429,2.714889717
1,2.248850325,11.44515289,96.91850239,1001.667502,11464.95209,141915.8942,1887119.48,26919204.88,412673603.6,6832713028.0,123194000000.0,2444810000000.0,53984700000000.0,1335880000000000.0,3.7e+16,1.14e+18,3.87e+19,1.42e+21,5.59e+22,65,4.799749612,39.51649175,1.248850325
1,2.16529676,7.538124018,35.26451993,188.4703506,1070.910718,6315.006462,38343.00586,239026.4478,1527844.131,10005262.25,67083374.06,460248040.4,3229469541.0,23164164565.0,169763000000.0,1270610000000.0,9708140000000.0,75689200000000.0,601911000000000.0,87,2.418453655,11.12277815,1.16529676
1,3.941656199,24.26523383,187.3585408,1680.485827,16916.91597,187562.5456,2262832.942,29449714.04,410726518.4,6106045641.0,96337135109.0,1607070000000.0,28254700000000.0,522077000000000.0,1.01e+16,2.05e+17,4.33e+18,9.55e+19,2.19e+21,46,2.862116448,12.82135308,2.941656199
1,2.255696981,6.877272439,23.24746899,83.45254922,314.6339413,1240.29054,5098.103808,21805.59365,96884.98308,446500.9334,2131470.721,10526690.85,53723658.32,283035702.6,1537764949.0,8608151095.0,49604745077.0,294018000000.0,1791130000000.0,96,1.499659059,3.978095469,1.255696981
1,2.630377238,8.801985449,31.8391763,120.8933881,478.3356348,1966.519315,8385.577029,37036.65418,169223.9505,798978.5373,3894015.331,19571518.16,101348302.9,540253542.3,2962192245.0,16692757669.0,96610607342.0,573855000000.0,3496030000000.0,58,1.398260948,3.541398711,1.630377238
1,2.309898807,6.526819601,21.55788158,80.27987283,326.6554626,1420.735431,6514.431445,31227.1436,155678.7968,804476.2605,4299133.172,23718736.5,134915211.8,790319566.0,4763161727.0,29509517916.0,187785000000.0,1226510000000.0,8216740000000.0,103,1.065324201,3.67750771,1.309898807
1,2.650277653,10.05419792,42.10300622,182.9852218,813.6952308,3688.410601,17023.00572,79950.55105,381979.4697,1855924.495,9167688.181,46027924.74,234818258.5,1216975314.0,6405677364.0,34235677957.0,185748000000.0,1022830000000.0,5715070000000.0,190,1.935550992,5.429900781,1.650277653
1,2.592039056,11.76619764,76.28130556,639.30512,6560.719062,79649.39457,1116335.057,17732850.98,314670615.5,6165703706.0,132138000000.0,3073030000000.0,77039100000000.0,2070190000000000.0,5.93e+16,1.81e+18,5.82e+19,1.98e+21,7.08e+22,118,2.981961829,16.4795002,1.592039056
1,2.32387175,6.002717762,16.91165324,52.39964981,180.3016721,693.6151282,2985.70473,14300.47042,75450.36291,433498.101,2683622.806,17745812.77,124512245.9,922322455.3,7185186139.0,58689769292.0,501394000000.0,4470660000000.0,41527700000000.0,126,0.676913183,2.193274472,1.32387175
1,3.047887102,13.75092762,69.33807176,365.2371999,1977.584026,10956.36959,62008.08425,358195.839,2110782.092,12683028.9,77675986.86,484701730.6,3080595027.0,19935257684.0,131310000000.0,880088000000.0,6000390000000.0,41603700000000.0,293267000000000.0,149,2.254565181,7.063138485,2.047887102
1,3.446996977,16.68909222,96.40947178,634.5523278,4672.939441,39726.85445,448812.6077,8246483.828,239688324.3,8983833918.0,384244000000.0,17987100000000.0,908662000000000.0,4.92e+16,2.84e+18,1.74e+20,1.13e+22,7.77e+23,5.61e+25,174,2.180909078,7.905262464,2.446996977
1,2.11858921,5.389436722,14.79379948,42.73407345,128.818522,403.7282344,1312.749112,4421.65342,15407.71154,55480.81523,206224.4806,790502.7777,3121995.986,12692604.47,53076681.14,228116164.9,1006909104.0,4561477090.0,21194155650.0,49,0.873726669,2.355729965,1.11858921
1,2.008178932,4.777926894,11.99057444,31.06747904,82.65508416,225.2656448,627.8981502,1787.713565,5193.414947,15379.87958,46392.86321,142445.0446,444917.608,1412922.05,4559950.865,14949430.34,49767892.18,168184872.3,576771088.4,150,0.744240813,1.896786199,1.008178932
1,2.003255719,5.424809257,16.35913194,51.83748583,169.8461262,572.5856616,1982.248432,7039.716783,25627.4541,95572.24231,364906.1778,1425661.445,5696551.61,23267688.0,97103426.54,413865573.4,1800689823.0,7994521061.0,36203133962.0,78,1.408159648,3.655587349,1.003255719
1,4.115334542,36.82964448,445.8231329,6424.409038,106153.6144,1974356.303,40804925.86,927681045.1,23007761360.0,618176000000.0,17886900000000.0,554525000000000.0,1.83e+16,6.44e+17,2.4e+19,9.41e+20,3.89e+22,1.69e+24,7.679999999999999e+25,21,4.816378998,32.9918967,3.115334542
1,2.659413028,11.8678188,76.60761931,669.3769401,7572.823591,106726.5153,1809300.699,35804533.48,807375352.0,20362705820.0,566323000000.0,17181200000000.0,563823000000000.0,1.99e+16,7.49e+17,3e+19,1.27e+21,5.72e+22,2.7e+24,170,2.755196395,15.28618301,1.659413028
1,4.551346385,27.11107567,169.4743901,1090.277918,7200.550089,48776.16118,338669.9639,2408861.359,17541479.41,130708814.9,996101004.7,7759740509.0,61763378632.0,502063000000.0,4166200000000.0,35277400000000.0,304686000000000.0,2683130000000000.0,2.41e+16,147,2.309599528,6.766393275,3.551346385
1,2.004084147,5.254672318,15.49954202,49.08058593,164.0239425,574.1680158,2096.873725,7969.163914,31459.68998,128805.6426,546226.9212,2396302.734,10863094.68,50834071.73,245313064.7,1219696130.0,6242690953.0,32864461920.0,177820000000.0,114,1.234847211,3.476899302,1.004084147
1,2.741673048,10.20054175,42.27967323,185.0290403,837.5418452,3886.373732,18411.22006,88872.31875,436662.3622,2182479.313,11091552.01,57296038.31,300759505.9,1603836977.0,8686358747.0,47769151862.0,266679000000.0,1511000000000.0,8687230000000.0,116,1.72959444,4.921019802,1.741673048
1,2.870078905,9.746674529,35.23232161,131.9310501,507.3113125,1996.563576,8029.753961,32971.67793,138141.3385,590239.5365,2570766.642,11409136.02,51574776.32,237391312.6,1112221540.0,5302485308.0,25715663231.0,126829000000.0,635950000000.0,104,1.22644135,2.992711757,1.870078905
1,4.313412855,28.42287708,249.7878771,2744.014126,36172.83967,556321.257,9778239.107,193351779.5,4248084871.0,102667000000.0,2706810000000.0,77311700000000.0,2378040000000000.0,7.84e+16,2.75e+18,1.03e+20,4.07e+21,1.7e+23,7.46e+24,121,2.898635781,14.48047376,3.313412855
1,3.120465844,16.10342233,113.1705184,1000.268862,10635.48907,132095.1239,1876349.412,29996870.81,532977014.7,10418484557.0,222195000000.0,5133990000000.0,127755000000000.0,3406250000000000.0,9.69e+16,2.93e+18,9.37e+19,3.16e+21,1.12e+23,91,2.831164554,14.34035606,2.120465844
1,2.214655407,7.314620333,28.77966937,122.6331556,547.0087612,2524.240806,11999.54071,58666.16214,294806.7096,1522488.238,8081429.821,44102184.34,247533820.7,1429558865.0,8498840191.0,52034470783.0,328206000000.0,2133160000000.0,14287300000000.0,198,1.994977549,6.648503373,1.214655407
1,2.306192342,9.964695908,70.37974642,699.56082,8807.821438,132239.7607,2287529.471,44638761.81,968665563.5,23127042964.0,602383000000.0,16997800000000.0,516537000000000.0,1.68e+16,5.84e+17,2.16e+19,8.42e+20,3.47e+22,1.51e+24,129,3.380234097,24.24077438,1.306192342
1,2.644889433,14.11465695,135.2284725,1997.438506,39528.48425,959057.2434,27166104.36,873692667.9,31348313381.0,1239550000000.0,53515200000000.0,2503970000000000.0,1.26e+17,6.82e+18,3.93e+20,2.4e+22,1.56e+24,1.0699999999999999e+26,7.67e+27,79,3.877462755,33.86942153,1.644889433
1,4.131972642,28.69758602,271.6725616,3255.726709,47252.73159,805403.4294,15760835.98,348057163.2,8558344200.0,231809000000.0,6855880000000.0,219800000000000.0,7591980000000000.0,2.81e+17,1.11e+19,4.66e+20,2.07e+22,9.71e+23,4.7899999999999995e+25,13,3.301898624,18.21484878,3.131972642
1,3.040621425,18.6253707,214.0788814,4313.136928,128918.7967,4943505.117,224683641.1,11642549415.0,673571000000.0,42941600000000.0,2988430000000000.0,2.25e+17,1.83e+19,1.59e+21,1.48e+23,1.46e+25,1.52e+27,1.68e+29,1.9499999999999998e+31,164,3.946268001,37.17965373,2.040621425
1,4.273699491,32.08531827,335.3435873,4429.93041,70419.50492,1306883.429,27723468.15,661651655.8,17545807749.0,511813000000.0,16286900000000.0,561470000000000.0,2.08e+16,8.29e+17,3.52e+19,1.59e+21,7.57e+22,3.81e+24,2.02e+26,24,3.589973447,21.42784261,3.273699491
1,2.129006933,7.630111611,39.09795205,258.3581791,2073.580337,19501.35946,209923.7464,2543520.097,34248470.75,507299651.0,8197558997.0,143506000000.0,2705450000000.0,54647900000000.0,1177430000000000.0,2.7e+16,6.53e+17,1.67e+19,4.5e+20,158,2.703424196,14.39724739,1.129006933
1,2.106927391,8.755030086,73.95701821,1344.833106,82788.07904,11908668.78,2254537303.0,488664000000.0,117920000000000.0,3.13e+16,9.07e+18,2.85e+21,9.62e+23,3.48e+26,1.34e+29,5.52e+31,2.4000000000000003e+34,1.1e+37,5.31e+39,130,3.8075119,39.64655851,1.106927391
1,2.855848719,9.680391848,34.84129613,131.5201801,519.0974815,2137.936575,9172.129194,40924.08039,189617.3708,911111.609,4534245.25,23343269.82,124182046.4,681936944.5,3861833876.0,22532424961.0,135335000000.0,836083000000.0,5308680000000.0,47,1.231242889,2.977439484,1.855848719
1,2.000045482,6.000551682,24.00614085,120.0735282,720.9810836,5054.682016,40565.73537,367452.0445,3722696.21,42030352.52,530800488.8,7600869531.0,126398000000.0,2506940000000.0,60033200000000.0,1710790000000000.0,5.61e+16,2.05e+18,8.09e+19,25,2.000278768,9.003388006,1.000045482
1,2.12554558,5.694349283,17.67800421,62.81054102,253.6520234,1153.671771,5844.05785,32581.56861,197668.7976,1292161.366,9027654.331,66974552.51,524961527.5,4330134934.0,37466878695.0,339177000000.0,3205350000000.0,31561400000000.0,323242000000000.0,166,1.103509434,3.673576258,1.12554558
1,2.23524899,6.107156303,18.93996803,65.65626994,253.9761596,1105.516123,5521.782933,32562.93587,232590.5371,2021362.755,20908981.93,248694736.8,3297456714.0,47694107148.0,742334000000.0,12327400000000.0,217178000000000.0,4042490000000000.0,7.92e+16,153,1.020782565,3.226312414,1.23524899
1,2.057178678,5.390536258,15.29327573,45.25439698,138.3264801,435.2131367,1406.901528,4667.626806,15880.48521,55377.71961,197857.2145,724117.0934,2714171.545,10418206.64,40949123.82,164802872.7,679081038.4,2864652758.0,12369613570.0,152,1.121453299,2.750652442,1.057178678
1,2.017757079,5.530314251,18.3102484,69.16877747,289.599879,1322.638672,6526.081186,34566.468,195644.1461,1179249.669,7549904.807,51240963.2,368131290.8,2796778920.0,22454331306.0,190442000000.0,1705870000000.0,16134800000000.0,161096000000000.0,77,1.438556569,5.112360682,1.017757079
1,2.153565186,6.849887893,26.6656186,118.0756863,574.9742717,3021.475435,16932.21314,100379.0585,625922.6653,4087854.05,27869882.33,197830577.4,1458896765.0,11156512663.0,88331097906.0,723056000000.0,6111680000000.0,53283100000000.0,478645000000000.0,59,1.928359058,6.904163891,1.153565186
1,3.782510871,40.21140236,710.8825267,16221.97255,437981.1386,13465626.16,461249700.3,17351516969.0,709509000000.0,31290300000000.0,1479160000000000.0,7.46e+16,3.99e+18,2.26e+20,1.35e+22,8.51e+23,5.6199999999999995e+25,3.89e+27,2.81e+29,23,6.649593129,73.58628194,2.782510871
1,3.745322234,36.44934818,659.3654536,17315.79782,579520.129,23130651.98,1062722920.0,55045604307.0,3169780000000.0,200812000000000.0,1.39e+16,1.04e+18,8.38e+19,7.24e+21,6.67e+23,6.53e+25,6.770000000000001e+27,7.41e+29,8.54e+31,147,5.982635154,70.72503008,2.745322234
1,4.419784429,42.98489936,596.4629254,9670.820411,169858.5615,3141771.264,60571259.31,1214658720.0,25412839145.0,558922000000.0,13081400000000.0,331150000000000.0,9226220000000000.0,2.87e+17,9.96e+18,3.85e+20,1.63e+22,7.44e+23,3.6299999999999998e+25,186,5.016617748,38.31080695,3.419784429
1,4.347511981,42.60369623,621.2644637,11651.84196,264753.546,7048078.203,214937172.9,7385582153.0,282314000000.0,11882300000000.0,546049000000000.0,2.72e+16,1.46e+18,8.41e+19,5.17e+21,3.37e+23,2.33e+25,1.7000000000000003e+27,1.31e+29,52,5.153114006,42.29356304,3.347511981
1,4.316175717,550.062103,167619.5555,64530006.54,29815675656.0,16072200000000.0,9901430000000000.0,6.86e+18,5.28e+21,4.48e+24,4.14e+27,4.14e+30,4.4599999999999996e+33,5.16e+36,6.349999999999999e+39,8.32e+42,1.15e+46,1.69e+49,2.6e+52,89,89.27378868,15044.27412,3.316175717
1,4.949975784,65.08105254,1859.301332,93183.14301,6650358.811,594168523.9,62278997122.0,7412590000000.0,983485000000000.0,1.44e+17,2.29e+19,3.96e+21,7.37e+23,1.47e+26,3.1200000000000003e+28,7.06e+30,1.69e+33,4.26e+35,1.13e+38,191,6.653309583,104.1946425,3.949975784
1,3.030710796,35.82656048,938.5322033,33388.77684,1437069.069,72215228.54,4148011835.0,268073000000.0,19251700000000.0,1520980000000000.0,1.31e+17,1.22e+19,1.23e+21,1.33e+23,1.5299999999999999e+25,1.8600000000000003e+27,2.41e+29,3.2899999999999995e+31,4.7299999999999997e+33,153,9.929569986,196.5209057,2.030710796
1,4.247857902,46.22568336,688.2027207,11818.38796,224054.2552,4623984.383,103544287.9,2521038474.0,67067189458.0,1960700000000.0,63274000000000.0,2257180000000000.0,8.88e+16,3.83e+18,1.8e+20,9.1e+21,4.94e+23,2.85e+25,1.75e+27,98,6.061971687,49.84434751,3.247857902
1,2.599087607,21.19693392,611.3665399,31490.27345,2065273.409,159364792.8,14071513312.0,1398060000000.0,154341000000000.0,1.87e+16,2.48e+18,3.56e+20,5.51e+22,9.12e+24,1.61e+27,3.02e+29,6.009999999999999e+31,1.2600000000000002e+34,2.78e+36,14,7.615581308,210.8549918,1.599087607
1,2.295396202,13.12085013,181.317581,3818.779127,93542.73361,2469978.528,69072332.67,2045540898.0,64793670791.0,2241080000000.0,87389900000000.0,3982570000000000.0,2.17e+17,1.4e+19,1.03e+21,8.52e+22,7.61e+24,7.28e+26,7.3700000000000005e+28,155,5.585239796,83.19564254,1.295396202
1,3.188012262,33.2944979,1304.22401,88529.73862,7535856.736,752208267.9,85862054575.0,11026800000000.0,1573480000000000.0,2.47e+17,4.23e+19,7.85e+21,1.57e+24,3.35e+26,7.66e+28,1.8599999999999999e+31,4.77e+33,1.29e+36,3.6900000000000005e+38,29,7.950106416,247.9790017,2.188012262
1,4.153787397,46.20560105,952.4084181,26310.07081,822129.0675,27201901.38,929795643.3,32513978322.0,1158500000000.0,41996700000000.0,1548810000000000.0,5.82e+16,2.23e+18,8.78e+19,3.57e+21,1.51e+23,6.84e+24,3.35e+26,1.81e+28,180,6.382009312,79.3765309,3.153787397
1,3.907595042,42.79654012,960.4108406,31603.47122,1296960.628,62588296.71,3457224931.0,214907000000.0,14844200000000.0,1127880000000000.0,9.35e+16,8.39e+18,8.12e+20,8.41e+22,9.3e+24,1.0900000000000001e+27,1.36e+29,1.7799999999999999e+31,2.46e+33,147,6.670872276,95.77239393,2.907595042
1,2.443722336,14.80883684,134.3310059,1352.22428,14110.99548,150678.17,1641656.53,18233102.99,206336456.6,2378294598.0,27911442347.0,333416000000.0,4052690000000.0,50110100000000.0,630094000000000.0,8054990000000000.0,1.05e+17,1.38e+18,1.85e+19,115,5.463564348,41.62384002,1.443722336
1,3.94729094,37.05588111,601.4645552,14023.59514,416693.0018,14779278.43,604020727.3,27852048043.0,1428420000000.0,80612100000000.0,4963460000000000.0,3.31e+17,2.38e+19,1.83e+21,1.5e+23,1.31e+25,1.2100000000000001e+27,1.18e+29,1.2099999999999999e+31,107,5.378460694,54.55862237,2.94729094
1,3.293347737,42.60762084,993.7058238,30554.89889,1147195.847,50700333.04,2573549096.0,147371000000.0,9391200000000.0,658861000000000.0,5.05e+16,4.19e+18,3.74e+20,3.58e+22,3.66e+24,3.97e+26,4.56e+28,5.54e+30,7.070000000000001e+32,99,9.999300592,159.7194403,2.293347737
1,2.6974835,17.39362206,218.5914499,3761.659683,73230.64808,1519792.179,33184412.45,764977085.6,18873281823.0,509897000000.0,15529800000000.0,546687000000000.0,2.24e+16,1.05e+18,5.56e+19,3.2e+21,1.98e+23,1.3e+25,9.07e+26,128,5.109932055,56.29174531,1.6974835
1,2.687532116,31.77157527,697.44421,21554.05318,891940.743,47374029.02,3083301280.0,235997000000.0,20593800000000.0,2004950000000000.0,2.15e+17,2.5e+19,3.14e+21,4.23e+23,6.07e+25,9.280000000000001e+27,1.5e+30,2.57e+32,4.6100000000000005e+34,84,11.72753554,204.8916166,1.687532116
1,2.478803019,16.44065996,171.8114406,2287.968712,36616.84245,683746.2173,14591507.57,350313276.4,9344797781.0,274205000000.0,8777480000000.0,304387000000000.0,1.14e+16,4.55e+17,1.94e+19,8.8e+20,4.23e+22,2.14e+24,1.14e+26,196,6.119204839,53.92284227,1.478803019
1,2.112888752,12.63760878,154.6838482,2622.22366,54189.32999,1309239.84,36160308.42,1123599826.0,38792732547.0,1473270000000.0,61038300000000.0,2739580000000000.0,1.32e+17,6.86e+18,3.79e+20,2.22e+22,1.38e+24,9.06e+25,6.26e+27,27,7.068790772,91.89243554,1.112888752
1,4.232205455,193.9686904,24206.46144,3978038.478,786572836.2,181472000000.0,47849400000000.0,1.42e+16,4.68e+18,1.7e+21,6.71e+23,2.87e+26,1.33e+29,6.559999999999999e+31,3.46e+34,1.94e+37,1.15e+40,7.2e+42,4.74e+45,194,31.53899544,2244.916096,3.232205455
1,2.080515062,10.28797941,203.504043,8475.394115,455002.7873,28678434.82,2066818162.0,167578000000.0,15097000000000.0,1496090000000000.0,1.62e+17,1.89e+19,2.39e+21,3.23e+23,4.649999999999999e+25,7.130000000000001e+27,1.16e+30,1.98e+32,3.56e+34,119,5.383355933,147.1805842,1.080515062
1,4.655381896,114.3802481,5559.666649,358385.1854,27953908.65,2546836561.0,265233000000.0,31075400000000.0,4045440000000000.0,5.79e+17,9.05e+19,1.53e+22,2.79e+24,5.45e+26,1.14e+29,2.5099999999999996e+31,5.89e+33,1.46e+36,3.79e+38,110,14.65414984,383.7111392,3.655381896
1,3.448940868,32.88295828,590.2793991,14958.05303,471983.5179,17573644.59,750587764.3,36112704745.0,1931480000000.0,113657000000000.0,7296690000000000.0,5.07e+17,3.8e+19,3.05e+21,2.61e+23,2.38e+25,2.29e+27,2.33e+29,2.4899999999999997e+31,56,6.40233974,79.44246704,2.448940868
1,2.885732268,38.69652776,1214.792479,52177.83553,2717556.781,165315954.7,11494579371.0,899140000000.0,78148200000000.0,7471410000000000.0,7.79e+17,8.8e+19,1.07e+22,1.4e+24,1.9399999999999998e+26,2.87e+28,4.4899999999999997e+30,7.41e+32,1.2899999999999999e+35,11,12.37266886,302.1161235,1.885732268
1,2.880718103,26.72486154,406.0324793,7978.670399,191854.1431,5562152.525,197248436.2,8949626701.0,546242000000.0,44807700000000.0,4638200000000000.0,5.63e+17,7.64e+19,1.13e+22,1.79e+24,3.02e+26,5.4e+28,1.0199999999999998e+31,2.03e+33,180,7.786399814,88.60854662,1.880718103
1,4.962278021,93.2864096,5488.220896,544803.8412,68834888.29,10267354249.0,1755810000000.0,338174000000000.0,7.24e+16,1.71e+19,4.38e+21,1.22e+24,3.66e+26,1.18e+29,4.0299999999999997e+31,1.47e+34,5.66e+36,2.2999999999999998e+39,9.86e+41,97,10.19380538,327.5136624,3.962278021
1,3.668160247,35.49903471,545.6462475,10834.60731,260807.1346,7362742.847,238175592.2,8677821282.0,351460000000.0,15660300000000.0,761263000000000.0,4.01e+16,2.27e+18,1.38e+20,8.95e+21,6.17e+23,4.4999999999999994e+25,3.4600000000000003e+27,2.8e+29,176,6.079092456,59.3699078,2.668160247
1,2.949084669,21.40803146,359.477218,10426.41082,406042.2723,19037024.58,1028640362.0,62669577961.0,4244940000000.0,316338000000000.0,2.57e+16,2.27e+18,2.15e+20,2.18e+22,2.37e+24,2.73e+26,3.3200000000000003e+28,4.28e+30,5.8e+32,77,5.351043804,75.95283954,1.949084669
1,3.69477633,40.85710775,841.4365727,23659.34165,813328.0047,32748268.54,1508533002.0,78212279953.0,4507130000000.0,285792000000000.0,1.98e+16,1.48e+18,1.2e+20,1.04e+22,9.57e+23,9.4e+25,9.770000000000001e+27,1.07e+30,1.24e+32,143,7.182425212,96.00580164,2.69477633
1,2.023503327,10.41584327,80.39441344,681.4366059,5936.593404,52533.82713,471105.9612,4278738.818,39347853.27,366318167.6,3451922254.0,32920392250.0,317694000000.0,3101930000000.0,30639100000000.0,306114000000000.0,3093130000000000.0,3.16e+16,3.27e+17,188,6.128025307,45.69867427,1.023503327
1,3.380910096,29.89626828,1150.81714,159429.1434,31598593.22,7413797263.0,1990630000000.0,601400000000000.0,2.02e+17,7.45e+19,3e+22,1.31e+25,6.16e+27,3.1e+30,1.6699999999999998e+33,9.51e+35,5.74e+38,3.66e+41,2.46e+44,83,5.921277379,184.9650617,2.380910096
1,3.098349066,31.79715439,868.8293875,35148.86939,1742052.994,100930336.9,6684162044.0,498001000000.0,41226000000000.0,3754100000000000.0,3.73e+17,4.01e+19,4.65e+21,5.78e+23,7.65e+25,1.0800000000000001e+28,1.6e+30,2.52e+32,4.18e+34,197,8.060961212,171.9779767,2.098349066
1,2.505062252,15.12503181,186.3886025,3066.896085,55132.35219,1026494.839,19536115.15,378704492.0,7468444983.0,149759000000.0,3052370000000.0,63217500000000.0,1330090000000000.0,2.84e+16,6.17e+17,1.36e+19,3.04e+20,6.89e+21,1.59e+23,189,5.204568034,60.88561488,1.505062252
1,3.956051426,41.66363014,803.5874785,22656.19075,819394.1547,35473953.23,1771834683.0,99901182118.0,6266230000000.0,432538000000000.0,3.26e+16,2.66e+18,2.34e+20,2.2e+22,2.21e+24,2.36e+26,2.66e+28,3.18e+30,3.99e+32,160,6.256008808,75.26335557,2.956051426
1,4.121231248,56.78452118,1248.868111,35348.20332,1222997.299,50841029.17,2541262416.0,154821000000.0,11675000000000.0,1090120000000000.0,1.23e+17,1.62e+19,2.41e+21,3.95e+23,6.979999999999999e+25,1.3200000000000001e+28,2.65e+30,5.64e+32,1.26e+35,52,8.418291465,107.1082285,3.121231248
1,3.897658252,51.14347005,1128.825227,32186.02475,1105618.572,44329202.64,2031371891.0,104723000000.0,5998690000000.0,377974000000000.0,2.6e+16,1.93e+18,1.55e+20,1.33e+22,1.22e+24,1.19e+26,1.23e+28,1.34e+30,1.53e+32,30,8.403476283,112.5047247,2.897658252
1,3.267571612,27.95129758,365.0427663,6062.80771,121049.0387,2820133.901,75089076.21,2249245705.0,74860819730.0,2740720000000.0,109462000000000.0,4736140000000000.0,2.21e+17,1.1e+19,5.87e+20,3.32e+22,1.99e+24,1.26e+26,8.370000000000001e+27,154,5.90069254,52.47943405,2.267571612
1,2.405166018,14.42020914,161.3916446,2555.250154,50357.3402,1169632.179,31132265.5,932894323.9,31066296361.0,1138040000000.0,45480000000000.0,1969000000000000.0,9.18e+16,4.59e+18,2.44e+20,1.38e+22,8.29e+23,5.249999999999999e+25,3.5e+27,25,5.526099543,58.31466074,1.405166018
1,2.312332158,16.56835637,514.1576846,28379.81443,1949765.505,156737568.6,14402997901.0,1488990000000.0,171037000000000.0,2.16e+16,2.98e+18,4.45e+20,7.15e+22,1.2299999999999998e+25,2.2700000000000002e+27,4.42e+29,9.15e+31,2.0000000000000001e+34,4.59e+36,35,7.736861769,266.3767693,1.312332158
1,4.125825984,48.5177404,965.7363589,25402.04349,811137.8274,30291254.22,1293464363.0,62142996176.0,3317400000000.0,194804000000000.0,1.25e+16,8.66e+17,6.47e+19,5.18e+21,4.43e+23,4.0199999999999995e+25,3.8600000000000006e+27,3.9200000000000004e+29,4.18e+31,150,6.901388593,81.20331204,3.125825984
1,6.134456236,65.88845718,970.3430356,17953.80582,398992.8093,10346449.96,306635412.3,10223698967.0,378749000000.0,15434300000000.0,686141000000000.0,3.3e+16,1.71e+18,9.52e+19,5.65e+21,3.56e+23,2.37e+25,1.67e+27,1.24e+29,15,4.253365131,28.09263112,5.134456236
1,5.02421336,49.32714703,672.3869646,11522.41743,237163.3016,5696129.373,156360115.8,4828715607.0,165690000000.0,6253980000000.0,257516000000000.0,1.15e+16,5.52e+17,2.84e+19,1.56e+21,9.1e+22,5.62e+24,3.66e+26,2.51e+28,136,4.490973635,31.01238514,4.02421336
1,9.008673652,95.26997336,1040.190022,11630.77246,133016.1906,1555072.434,18575366.01,226604014.5,2821971829.0,35860114748.0,464805000000.0,6142750000000.0,82742400000000.0,1135560000000000.0,1.59e+16,2.26e+17,3.27e+18,4.82e+19,7.23e+20,113,3.099331604,11.07226166,8.008673652
1,5.528603423,51.39831081,649.8487226,10341.75216,198008.9488,4427373.585,113177053.6,3255234647.0,104036000000.0,3657540000000.0,140276000000000.0,5828310000000000.0,2.61e+17,1.25e+19,6.39e+20,3.47e+22,2e+24,1.21e+26,7.760000000000001e+27,123,3.819872636,23.13347672,4.528603423
1,5.736064725,53.32225302,665.7051707,10394.96629,194789.2921,4258486.831,106399010.3,2990696877.0,93403832691.0,3208850000000.0,120261000000000.0,4882690000000000.0,2.13e+17,1e+19,5e+20,2.65e+22,1.49e+24,8.849999999999999e+25,5.530000000000001e+27,146,3.697930603,21.57048061,4.736064725
1,8.091474982,100.5129482,1665.485729,34496.89112,857434.6226,24863881.56,824003000.8,30721412607.0,1272660000000.0,57992700000000.0,2882870000000000.0,1.55e+17,9e+18,5.59e+20,3.71e+22,2.61e+24,1.95e+26,1.53e+28,1.27e+30,150,4.143008097,26.02919789,7.091474982
1,6.418236585,68.2706429,972.8916114,17336.07785,370707.5851,9248262.696,263682264.5,8457737816.0,301429000000.0,11817000000000.0,505383000000000.0,2.34e+16,1.17e+18,6.25e+19,3.56e+21,2.16e+23,1.3799999999999998e+25,9.37e+26,6.68e+28,26,4.045003375,25.04722054,5.418236585
1,5.719748361,52.52833984,541.3314606,5817.281094,64128.24905,721939.2319,8285772.711,96856407.01,1152325820.0,13944801807.0,171558000000.0,2144700000000.0,27233300000000.0,351113000000000.0,4594720000000000.0,6.1e+16,8.22e+17,1.12e+19,1.55e+20,183,3.644469423,16.27474372,4.719748361
1,6.814170094,86.86839671,1508.836338,32858.86959,859153.6439,26210616.7,913867853.8,35846238725.0,1562290000000.0,74898400000000.0,3917160000000000.0,2.22e+17,1.35e+19,8.85e+20,6.17e+22,4.57e+24,3.59e+26,2.97e+28,2.59e+30,54,4.88077551,35.47590264,5.814170094
1,6.945467749,52.07722696,395.4559373,3038.724336,23624.57863,185805.1041,1478136.796,11892658.58,96759981.52,795997099.6,6620238398.0,55658422560.0,472969000000.0,4061920000000.0,35251400000000.0,309117000000000.0,2738560000000000.0,2.45e+16,2.22e+17,97,2.292940238,6.388369571,5.945467749
1,6.03989541,55.81352496,561.5003178,5841.880006,62268.27376,678461.723,7550432.167,85779402.26,994421203.9,11758675796.0,141768000000.0,1742100000000.0,21811500000000.0,278142000000000.0,3611370000000000.0,4.77e+16,6.42e+17,8.78e+18,1.22e+20,137,3.508252271,14.62510271,5.03989541
1,5.682947918,44.32570273,386.7894061,3759.3703,42060.55718,577857.0396,10479039.09,254910690.6,7854090374.0,285173000000.0,11635600000000.0,520447000000000.0,2.52e+16,1.31e+18,7.27e+19,4.3e+21,2.69e+23,1.7799999999999998e+25,1.24e+27,169,2.888986346,10.97055492,4.682947918
1,5.755711803,45.99426026,387.6228651,3331.967014,29068.21087,257114.7475,2305055.968,20940720.21,192743430.6,1797097263.0,16970557224.0,162287000000.0,1571320000000.0,15402000000000.0,152810000000000.0,1534370000000000.0,1.56e+16,1.6e+17,1.67e+18,184,2.962774734,10.39847147,4.755711803
1,5.307600629,57.75687144,926.7597483,19495.79739,504534.9309,15430271.88,542860798.0,21556780132.0,952686000000.0,46351500000000.0,2461170000000000.0,1.42e+17,8.77e+18,5.83e+20,4.13e+22,3.11e+24,2.47e+26,2.08e+28,1.8399999999999998e+30,30,4.902963326,39.04938514,4.307600629
1,6.075073918,51.1357031,472.7275623,4689.772652,49561.18408,555338.1263,6574671.414,82010681.67,1075372883.0,14797025836.0,213406000000.0,3224670000000.0,51089700000000.0,850790000000000.0,1.5e+16,2.81e+17,5.68e+18,1.26e+20,3.11e+21,88,3.053460307,11.71108862,5.075073918
1,5.101982415,28.55105599,165.2772318,987.6471157,6086.319602,38643.16519,252568.8323,1697935.848,11731728.99,83250076.11,606300975.2,4528843138.0,34674495887.0,271956000000.0,2183770000000.0,17943100000000.0,150782000000000.0,1295230000000000.0,1.14e+16,108,1.835015915,4.676315687,4.101982415
1,5.190441533,41.65470423,371.5797111,3514.233452,34937.42646,363950.864,3963851.278,45048384.39,533299013.3,6565925005.0,83948228841.0,1113070000000.0,15285200000000.0,217142000000000.0,3187560000000000.0,4.83e+16,7.55e+17,1.22e+19,2.01e+20,54,3.2738569,13.27484027,4.190441533
1,5.387689271,32.05573362,195.3302666,1212.253458,7654.011484,49140.52819,320699.1431,2126877.323,14330781.81,98082774.47,681783571.4,4812883033.0,34507598463.0,251398000000.0,1863020000000.0,14078500000000.0,109069000000000.0,876045000000000.0,7459960000000000.0,114,1.946799628,5.009057952,4.387689271
1,10.03344189,158.1106265,2801.465203,52443.45648,1021803.137,20624841.22,430383375.2,9272117538.0,206012000000.0,4716090000000.0,111139000000000.0,2693920000000000.0,6.71e+16,1.72e+18,4.51e+19,1.21e+21,3.35e+22,9.48e+23,2.7399999999999996e+25,80,4.788482232,27.28112168,9.033441893
1,5.433188374,34.66382925,225.8867648,1492.784569,9998.749328,67865.28193,466688.2795,3250948.028,22936420.97,163871780.3,1185434943.0,8681206982.0,64349731243.0,482741000000.0,3664560000000.0,28145500000000.0,218684000000000.0,1718650000000000.0,1.37e+16,155,2.181697042,5.944620763,4.433188374
1,7.70391405,75.39242231,791.4070668,8801.122466,103317.1626,1276686.484,16564770.22,225159337.4,3199629288.0,47445253431.0,732849000000.0,11772500000000.0,196388000000000.0,3397470000000000.0,6.09e+16,1.13e+18,2.16e+19,4.27e+20,8.71e+21,53,3.127178161,11.8609622,6.70391405
1,8.268535741,105.5469031,1797.367728,38259.93827,977311.4613,29125172.93,991964158.1,38008083425.0,1618130000000.0,75778100000000.0,3871350000000000.0,2.14e+17,1.28e+19,8.16e+20,5.56e+22,4.02e+24,3.08e+26,2.4900000000000003e+28,2.12e+30,18,4.222327569,26.9117538,7.268535741
1,8.141718553,112.3529535,2086.38506,48487.35757,1352473.559,44014000.49,1636995705.0,68494743195.0,3184380000000.0,162849000000000.0,9085170000000000.0,5.49e+17,3.57e+19,2.49e+21,1.85e+23,1.47e+25,1.2300000000000002e+27,1.08e+29,1.0099999999999999e+31,92,4.711832697,32.99385951,7.141718553
1,5.784320788,57.76057057,815.1597291,14993.83659,342765.4566,9434548.835,305535719.8,11433236290.0,487011000000.0,23313000000000.0,1240240000000000.0,7.26e+16,4.64e+18,3.21e+20,2.4e+22,1.91e+24,1.63e+26,1.48e+28,1.41e+30,129,4.052409659,26.90392134,4.784320788
1,5.220151991,43.49015588,485.7810291,6787.145221,113803.2159,2226253.552,49772286.16,1251852688.0,34984556960.0,1075450000000.0,36065900000000.0,1310280000000000.0,5.13e+16,2.15e+18,9.61e+19,4.57e+21,2.3e+23,1.2199999999999998e+25,6.82e+26,119,3.440778734,19.09867351,4.220151991
1,17.28976701,361.1242506,7990.444698,186139.8567,4553063.016,116673502.0,3125691655.0,87378277447.0,2544420000000.0,77056500000000.0,2423370000000000.0,7.9e+16,2.67e+18,9.33e+19,3.37e+21,1.26e+23,4.83e+24,1.91e+26,7.790000000000001e+27,181,4.734171182,25.04813739,16.28976701
1,5.303915167,50.76047569,679.016178,11478.46024,233416.9686,5540711.655,150329295.8,4588661785.0,155628000000.0,5806100000000.0,236303000000000.0,1.04e+16,4.95e+17,2.52e+19,1.37e+21,7.87e+22,4.81e+24,3.1e+26,2.1e+28,155,4.126928768,27.25147536,4.303915167
1,9.273374619,130.3539318,1963.330702,30739.59155,498198.5527,8344943.237,144298237.1,2573207410.0,47277996673.0,894201000000.0,17395900000000.0,347823000000000.0,7142530000000000.0,1.51e+17,3.25e+18,7.21e+19,1.64e+21,3.8e+22,9.04e+23,157,4.392712064,21.83466771,8.273374619
1,7.699472473,107.0658234,1848.277404,37368.25426,863899.5029,22470447.2,649416522.4,20645649182.0,716016000000.0,26901600000000.0,1088480000000000.0,4.72e+16,2.18e+18,1.07e+20,5.58e+21,3.06e+23,1.7699999999999998e+25,1.07e+27,6.83e+28,21,4.95761631,32.60061006,6.699472473
1,8.097462824,108.680438,1955.283013,43987.82774,1187538.486,37403347.23,1346372559.0,54522098232.0,2453220000000.0,121421000000000.0,6556030000000000.0,3.83e+17,2.42e+19,1.63e+21,1.17e+23,8.98e+24,7.27e+26,6.22e+28,5.59e+30,192,4.568766669,31.09037808,7.097462824
1,8.195507888,118.9853949,2319.778161,56548.96347,1654200.817,56454523.88,2201918393.0,96617592634.0,4710520000000.0,252624000000000.0,1.48e+16,9.37e+17,6.39e+19,4.68e+21,3.65e+23,3.0199999999999997e+25,2.65e+27,2.46e+29,2.4e+31,121,4.994359134,36.50405495,7.195507888
1,5.026240277,49.29012565,676.0082839,11725.69211,244888.7496,5972969.023,166548881.9,5225033433.0,182141000000.0,6984300000000.0,292165000000000.0,1.32e+16,6.46e+17,3.38e+19,1.88e+21,1.12e+23,7.01e+24,4.64e+26,3.24e+28,157,4.482247567,31.2144453,4.026240277
1,5.2873712,46.0528247,537.9677047,7858.196201,137746.4956,2816992.276,65838926.28,1731140625.0,50575414093.0,1625320000000.0,56980700000000.0,2164100000000000.0,8.85e+16,3.88e+18,1.81e+20,9.01e+21,4.74e+23,2.63e+25,1.54e+27,27,3.626134769,20.80785328,4.2873712
1,6.582839409,68.64294535,955.586424,16629.13283,347256.9299,8460169.06,235558678.5,7378561462.0,256804000000.0,9831610000000.0,410616000000000.0,1.86e+16,9.05e+17,4.73e+19,2.63e+21,1.56e+23,9.75e+24,6.45e+26,4.49e+28,86,3.858224788,23.02070945,5.582839409
1,7.920045813,79.09945774,850.5784267,9757.657797,119195.1876,1549398.913,21432609.85,315665380.9,4954060761.0,82907882259.0,1480050000000.0,28173800000000.0,571165000000000.0,1.23e+16,2.81e+17,6.77e+18,1.72e+20,4.57e+21,1.27e+23,92,3.149844295,12.08470898,6.920045813
1,5.68582242,38.00133136,269.5329248,1993.49238,15242.92992,119901.7152,967410.9836,7991667.384,67512848.21,582760861.4,5136493568.0,46204339520.0,423971000000.0,3966830000000.0,37829800000000.0,367579000000000.0,3637810000000000.0,3.67e+16,3.76e+17,161,2.261975114,6.769731562,4.68582242
1,7.422304334,88.96226503,1427.371511,28633.90085,689305.5678,19359328.12,621384980.2,22437979497.0,900252000000.0,39731700000000.0,1912930000000000.0,9.98e+16,5.6e+18,3.37e+20,2.17e+22,1.48e+24,1.0699999999999999e+26,8.13e+27,6.52e+29,14,4.220763623,26.98580387,6.422304334
1,12.71879511,186.8071177,2777.220592,41670.92457,630939.7258,9639127.92,148575787.8,2310387083.0,36242190857.0,573462000000.0,9152130000000.0,147311000000000.0,2391190000000000.0,3.91e+16,6.46e+17,1.08e+19,1.8e+20,3.05e+21,5.2e+22,123,3.755318749,15.31568091,11.71879511
1,6.002852899,63.94607291,929.2289222,16938.54175,370733.207,9467517.12,276318524.7,9072724695.0,330996000000.0,13283200000000.0,581525000000000.0,2.76e+16,1.41e+18,7.71e+19,4.5e+21,2.79e+23,1.83e+25,1.2700000000000002e+27,9.27e+28,95,4.283994554,28.22625007,5.002852899
1,5.446504707,47.29249503,553.5859409,8132.429985,143593.6023,2959921.922,69748122.53,1849200670.0,54476853110.0,1765390000000.0,62410900000000.0,2390250000000000.0,9.86e+16,4.36e+18,2.05e+20,1.03e+22,5.45e+23,3.0499999999999997e+25,1.8000000000000002e+27,65,3.514524475,19.93257468,4.446504707
1,5.599934866,60.39410788,894.4719112,16633.01891,371525.2374,9684492.965,288534222.0,9671272506.0,360190000000.0,14756200000000.0,659487000000000.0,3.19e+16,1.66e+18,9.3e+19,5.54e+21,3.51e+23,2.35e+25,1.6600000000000001e+27,1.24e+29,196,4.621501097,32.30219495,4.599934866
1,5.481589207,63.63443872,1049.200378,21872.9584,548359.062,16045375.33,536617548.5,20190238317.0,844069000000.0,38815700000000.0,1947270000000000.0,1.06e+17,6.19e+18,3.88e+20,2.6e+22,1.85e+24,1.3899999999999999e+26,1.1000000000000002e+28,9.23e+29,24,5.184726483,41.05386425,4.481589207
1,6.024938273,88.861637,1985.15962,57782.95825,2070579.989,88372805.74,4385138151.0,248211000000.0,15781900000000.0,1113130000000000.0,8.62e+16,7.27e+18,6.62e+20,6.48e+22,6.77e+24,7.54e+26,8.89e+28,1.11e+31,1.4499999999999998e+33,123,6.46184687,65.85593648,5.024938273
1,12.04073706,366.5039144,15380.95558,808267.518,50974617.55,3750617916.0,315387000000.0,29835800000000.0,3136090000000000.0,3.63e+17,4.57e+19,6.25e+21,9.2e+23,1.45e+26,2.4400000000000003e+28,4.36e+30,8.24e+32,1.6499999999999999e+35,3.46e+37,103,9.060246391,114.7204934,11.04073706
1,8.794559957,366.2767571,24247.20952,2056824.003,210277822.5,25101287431.0,3425070000000.0,525799000000000.0,8.97e+16,1.68e+19,3.44e+21,7.64e+23,1.82e+26,4.67e+28,1.27e+31,3.69e+33,1.13e+36,3.68e+38,1.2499999999999999e+41,184,15.71096655,375.8012982,7.794559957
1,8.872271291,140.70178,3091.622562,86083.60077,2893210.455,113783711.1,5122561893.0,259689000000.0,14635600000000.0,907611000000000.0,6.14e+16,4.5e+18,3.55e+20,3.01e+22,2.71e+24,2.6e+26,2.6400000000000003e+28,2.83e+30,3.2e+32,88,5.255643526,41.61592009,7.872271291
1,5.394672134,62.59842249,888.941147,13413.58426,208819.6251,3331077.287,54342422.88,905899154.5,15423223880.0,268057000000.0,4753960000000.0,85996900000000.0,1586150000000000.0,2.98e+16,5.71e+17,1.11e+19,2.21e+20,4.47e+21,9.2e+22,159,5.255147242,34.58346911,4.394672134
1,17.32886433,869.5651083,60545.37268,5278664.394,552308170.2,67419752091.0,9405560000000.0,1476170000000000.0,2.57e+17,4.94e+19,1.03e+22,2.34e+24,5.72e+26,1.5e+29,4.169999999999999e+31,1.24e+34,3.8799999999999996e+36,1.2899999999999999e+39,4.4899999999999994e+41,120,12.42100092,214.4083459,16.32886433
1,8.593855888,180.6705225,4268.713152,104149.6217,2595844.902,65942894.99,1705993263.0,44927072095.0,1203940000000.0,32819700000000.0,909843000000000.0,2.56e+16,7.35e+17,2.14e+19,6.32e+20,1.9e+22,5.79e+23,1.7899999999999998e+25,5.6299999999999996e+26,152,7.497195628,62.33402441,7.593855888
1,12.30001482,236.3708165,6064.532279,194505.0264,7485939.206,336131007.6,17248955695.0,995794000000.0,63875400000000.0,4507030000000000.0,3.47e+17,2.89e+19,2.6e+21,2.5e+23,2.57e+25,2.8000000000000005e+27,3.23e+29,3.9399999999999998e+31,5.05e+33,74,5.30387806,40.64402447,11.30001482
1,7.603410017,113.2686518,2353.036823,61961.89078,1970827.682,73380192.02,3127882862.0,150127000000.0,8009730000000.0,470187000000000.0,3.01e+16,2.09e+18,1.56e+20,1.25e+22,1.07e+24,9.689999999999999e+25,9.310000000000001e+27,9.44e+29,1.01e+32,50,5.448714841,44.54951526,6.603410017
1,10.72351301,280.9233513,11924.73945,696391.98,50257133.29,4259038459.0,412974000000.0,45057100000000.0,5462260000000000.0,7.28e+17,1.06e+20,1.67e+22,2.83e+24,5.15e+26,1.0000000000000001e+29,2.06e+31,4.5e+33,1.0399999999999999e+36,2.5100000000000003e+38,149,8.270104793,114.8891131,9.723513014
1,19.92072453,1339.883527,126678.9689,14998126.17,2130952537.0,353230000000.0,66916700000000.0,1.43e+16,3.38e+18,8.8e+20,2.5e+23,7.699999999999999e+25,2.55e+28,9.059999999999999e+30,3.43e+33,1.38e+36,5.89e+38,2.65e+41,1.26e+44,164,15.57838702,339.2124487,18.92072453
1,10.86868137,835.614162,109413.6437,18226442.43,3648151417.0,851990000000.0,227401000000000.0,6.83e+16,2.28e+19,8.36e+21,3.35e+24,1.45e+27,6.78e+29,3.39e+32,1.8099999999999998e+35,1.0300000000000001e+38,6.17e+40,3.91e+43,2.61e+46,150,25.96638962,1089.767419,9.868681367
1,9.321054693,255.0118817,9974.079635,490696.4658,29015694.15,2010020474.0,161962000000.0,15791800000000.0,2187080000000000.0,5.42e+17,2.25e+20,1.21e+23,7.3e+25,4.79e+28,3.3599999999999996e+31,2.5100000000000003e+34,1.98e+37,1.65e+40,1.45e+43,54,9.542458935,130.083258,8.321054693
1,32.79986448,1747.633406,124218.458,11036554.68,1176690273.0,146365000000.0,20806800000000.0,3327550000000000.0,5.91e+17,1.16e+20,2.46e+22,5.69e+24,1.4200000000000002e+27,3.78e+29,1.0700000000000001e+32,3.24e+34,1.0399999999999999e+37,3.4999999999999996e+39,1.24e+42,103,9.20811362,116.117563,31.79986448
1,8.273000818,213.6785323,7792.975258,356090.1091,19526932.66,1249270110.0,91342035532.0,7513420000000.0,686692000000000.0,6.9e+16,7.57e+18,9e+20,1.15e+23,1.58e+25,2.3100000000000003e+27,3.59e+29,5.8999999999999995e+31,1.0200000000000001e+34,1.8699999999999998e+36,64,9.73068458,132.0483157,7.273000818
1,7.675058668,167.7934657,5201.665874,202268.6863,9441262.033,514177723.6,32003765176.0,2241020000000.0,174361000000000.0,1.49e+16,1.39e+18,1.41e+20,1.54e+22,1.79e+24,2.23e+26,2.95e+28,4.13e+30,6.11e+32,9.5e+34,152,8.510392747,102.6461186,6.675058668
1,15.68433332,1027.211856,114575.8525,16710958.94,2951994311.0,609655000000.0,143966000000000.0,3.83e+16,1.13e+19,3.67e+21,1.3e+24,4.99e+26,2.06e+29,9.129999999999999e+31,4.31e+34,2.16e+37,1.15e+40,6.45e+42,3.81e+45,136,17.4542176,512.7222235,14.68433332
1,11.00154425,190.3389222,4395.348723,126876.7904,4394937.12,177611036.7,8203122179.0,426227000000.0,24607100000000.0,1562690000000000.0,1.08e+17,8.13e+18,6.57e+20,5.69e+22,5.25e+24,5.1599999999999996e+26,5.36e+28,5.88e+30,6.79e+32,36,5.037425741,36.95860748,10.00154425
1,23.06710967,9465.610139,5610248.833,4159157724.0,3700090000000.0,3840310000000000.0,4.56e+18,6.08e+21,9.01e+24,1.47e+28,2.62e+31,5.040000000000001e+34,1.05e+38,2.3299999999999997e+41,5.5200000000000006e+44,1.39e+48,3.71e+51,1.05e+55,3.1000000000000005e+58,54,90.66426641,11443.55257,22.06710967
1,5.131679309,109.3783337,4850.525243,368481.5586,40129786.29,5459660659.0,866101000000.0,155175000000000.0,3.09e+16,6.75e+18,1.61e+21,4.14e+23,1.15e+26,3.4e+28,1.08e+31,3.6199999999999996e+33,1.29e+36,4.83e+38,1.91e+41,42,11.42893467,260.1406361,4.131679309
1,7.528020948,212.7331839,9464.496029,537304.2043,36712337.71,2927994560.0,266908000000.0,27372500000000.0,3119090000000000.0,3.91e+17,5.35e+19,7.92e+21,1.26e+24,2.16e+26,3.9400000000000004e+28,7.629999999999999e+30,1.56e+33,3.39e+35,7.72e+37,125,11.52036113,203.1143903,6.528020948
1,21.05576371,1191.694386,94053.68548,9326214.63,1110539220.0,154298000000.0,24501200000000.0,4376910000000000.0,8.69e+17,1.9e+20,4.52e+22,1.17e+25,3.2400000000000006e+27,9.65e+29,3.06e+32,1.03e+35,3.6899999999999997e+37,1.39e+40,5.53e+42,200,12.58699816,222.2843383,20.05576371
1,8.266497069,151.9611953,4073.404983,139688.386,5785087.953,280018906.5,15498158448.0,965139000000.0,66784400000000.0,5083450000000000.0,4.22e+17,3.8e+19,3.68e+21,3.82e+23,4.2299999999999994e+25,4.970000000000001e+27,6.19e+29,8.14e+31,1.13e+34,165,6.593957022,66.51567247,7.266497069
1,22.97786226,928.8583067,50161.34619,3386166.325,274301853.8,25923640479.0,2799980000000.0,340226000000000.0,4.59e+16,6.82e+18,1.11e+21,1.94e+23,3.67e+25,7.43e+27,1.6e+30,3.68e+32,8.950000000000001e+34,2.3e+37,6.199999999999999e+39,66,8.365485783,96.43526169,21.97786226
1,6.85430238,90.89917428,1643.369273,37339.74232,1020740.354,32610308.87,1192516912.0,49144021293.0,2254840000000.0,114084000000000.0,6315750000000000.0,3.8e+17,2.48e+19,1.74e+21,1.31e+23,1.05e+25,9.06e+26,8.3e+28,8.1e+30,160,5.106735543,38.45312385,5.85430238
1,5.611164647,82.11283639,1905.485351,57938.05398,2142337.763,92786199.54,4598332729.0,256469000000.0,15895700000000.0,1083760000000000.0,8.06e+16,6.5e+18,5.64e+20,5.24e+22,5.2e+24,5.48e+26,6.1100000000000005e+28,7.19e+30,8.92e+32,119,6.794629713,75.61083273,4.611164647
1,6.442738858,105.0950335,2712.942325,91156.59266,3707972.305,176303398.6,9584270267.0,586206000000.0,39839000000000.0,2978250000000000.0,2.43e+17,2.15e+19,2.04e+21,2.08e+23,2.2599999999999997e+25,2.6100000000000003e+27,3.2e+29,4.1299999999999995e+31,5.61e+33,165,6.912005928,78.59388629,5.442738858
1,34.50849555,2477.534936,240704.5504,29252673.26,4266218444.0,725886000000.0,141151000000000.0,3.09e+16,7.51e+18,2.01e+21,5.85e+23,1.85e+26,6.290000000000001e+28,2.29e+31,8.919999999999999e+33,3.6899999999999997e+36,1.61e+39,7.45e+41,3.6200000000000005e+44,124,12.24942687,205.7307591,33.50849555
1,23.05090063,1694.263898,197400.0061,29631007.8,5363417202.0,1133510000000.0,273812000000000.0,7.44e+16,2.25e+19,7.46e+21,2.7e+24,1.0600000000000001e+27,4.49e+29,2.0300000000000002e+32,9.82e+34,5.04e+37,2.7399999999999997e+40,1.57e+43,9.49e+45,97,15.71367386,392.3111745,22.05090063
1,10.67040495,321.1071573,16892.284,1246920.598,115842704.4,12862012738.0,1658100000000.0,243410000000000.0,4.01e+16,7.32e+18,1.47e+21,3.21e+23,7.579999999999999e+25,1.9200000000000002e+28,5.23e+30,1.51e+33,4.63e+35,1.5e+38,5.13e+40,150,9.679861896,167.5515974,9.670404947
1,10.649144,297.1337819,13326.60459,840800.8046,69047628.41,6981477427.0,834312000000.0,114419000000000.0,1.76e+16,3.01e+18,5.62e+20,1.14e+23,2.4899999999999997e+25,5.83e+27,1.46e+30,3.87e+32,1.09e+35,3.23e+37,1.0099999999999999e+40,131,8.91417356,131.0223505,9.649143997
1,25.95753152,8576.614292,4281585.915,2677105168.0,2008730000000.0,1758420000000000.0,1.76e+18,1.98e+21,2.48e+24,3.41e+27,5.11e+30,8.31e+33,1.45e+37,2.73e+40,5.46e+43,1.1599999999999999e+47,2.61e+50,6.21e+53,1.55e+57,94,68.1795888,6819.039389,24.95753152
1,15.09092214,526.6687425,24932.37604,1476168.116,104881049.5,8693712840.0,823579000000.0,87772500000000.0,1.04e+16,1.35e+18,1.92e+20,2.96e+22,4.91e+24,8.72e+26,1.65e+29,3.3299999999999997e+31,7.09e+33,1.6e+36,3.7800000000000005e+38,162,9.138899644,115.4005288,14.09092214
1,5.453832082,64.91713284,1075.791261,22372.87052,558562.3407,16270056.58,541628021.7,20284582910.0,844090000000.0,38637000000000.0,1929330000000000.0,1.04e+17,6.08e+18,3.8e+20,2.53e+22,1.79e+24,1.3399999999999999e+26,1.06e+28,8.81e+29,121,5.37859476,42.64061683,4.453832082
1,8.115934864,132.3481491,2587.332821,53605.26012,1138911.731,24572486.25,536676283.5,11852139952.0,264550000000.0,5966870000000.0,135972000000000.0,3130150000000000.0,7.28e+16,1.71e+18,4.05e+19,9.71e+20,2.35e+22,5.73e+23,1.4099999999999999e+25,200,5.794902044,41.5438395,7.115934864
1,8.442317013,129.1877654,2693.080223,70593.87585,2225048.021,81876274.85,3444065276.0,162994000000.0,8571220000000.0,495804000000000.0,3.13e+16,2.14e+18,1.57e+20,1.24e+22,1.05e+24,9.339999999999999e+25,8.84e+27,8.84e+29,9.29e+31,190,5.214023479,40.15273614,7.442317013
1,6.526817765,90.86020212,1750.098995,42250.89481,1224226.418,41384539.43,1598845978.0,69490855924.0,3355880000000.0,178270000000000.0,1.03e+16,6.49e+17,4.38e+19,3.18e+21,2.45e+23,2.0099999999999998e+25,1.75e+27,1.61e+29,1.5499999999999999e+31,112,5.639898067,46.57999041,5.526817765
1,10.19381874,220.750649,7398.531504,326940.1572,17621069.41,1113100634.0,80456428491.0,6544440000000.0,591521000000000.0,5.88e+16,6.38e+18,7.5e+20,9.48e+22,1.29e+25,1.8600000000000003e+27,2.86e+29,4.649999999999999e+31,7.98e+33,1.44e+36,67,6.893501267,77.77096098,9.193818744
1,6.403673443,86.48817542,1626.404516,38451.79427,1091978.851,36186543.07,1370542729.0,58397716972.0,2764760000000.0,143984000000000.0,8180080000000000.0,5.03e+17,3.34e+19,2.37e+21,1.8e+23,1.44e+25,1.2300000000000002e+27,1.11e+29,1.05e+31,64,5.515138222,45.06465666,5.403673443
1,7.913428861,116.6695178,2129.089235,48001.59289,1391666.839,51862700.16,2375403176.0,127102000000.0,7674130000000.0,512434000000000.0,3.74e+16,2.96e+18,2.52e+20,2.3e+22,2.24e+24,2.3099999999999998e+26,2.5400000000000003e+28,2.93e+30,3.57e+32,133,5.222274744,35.71239523,6.913428861
1,1.965964715,8.665955248,88.23075121,1334.477823,22685.55499,401365.8208,7257110.136,133459032.0,2492531299.0,47246903405.0,908646000000.0,17725300000000.0,350650000000000.0,7033130000000000.0,1.43e+17,2.95e+18,6.15e+19,1.3e+21,2.79e+22,191,5.022268399,66.83477855,0.965964715
1,1.892580883,8.044229629,234.9806348,19754.5131,2163630.552,278026946.4,40847932463.0,6751840000000.0,1240030000000000.0,2.51e+17,5.52e+19,1.32e+22,3.39e+24,9.34e+26,2.74e+29,8.569999999999999e+31,2.83e+34,9.88e+36,3.63e+39,196,5.177985125,265.0420912,0.892580883
1,1.48168533,4.726123435,42.45249291,701.6422613,15294.27349,396522.0162,11797358.3,395248973.0,14717021692.0,602824000000.0,26937500000000.0,1304040000000000.0,6.8e+16,3.8e+18,2.26e+20,1.43e+22,9.6e+23,6.789999999999999e+25,5.06e+27,96,6.823276907,126.8770583,0.48168533
1,1.467490705,4.542580052,23.42570718,141.4518844,897.9832331,5870.566482,39364.66192,270424.8512,1902014.454,13688837.6,100757964.9,758119308.0,5828217630.0,45759086248.0,366753000000.0,2999470000000.0,25021600000000.0,212823000000000.0,1844990000000000.0,65,6.695395052,50.60834921,0.467490705
1,1.581003325,5.000403079,35.3675375,429.3738973,7072.45963,142342.4441,3335538.121,88611216.02,2623948546.0,85583393253.0,3046840000000.0,117536000000000.0,4883360000000000.0,2.17e+17,1.03e+19,5.21e+20,2.78e+22,1.57e+24,9.309999999999999e+25,113,5.097289119,64.73406298,0.581003325
1,1.976802465,13.39245333,516.7846536,35497.68683,3010507.337,298482686.8,33826664379.0,4312780000000.0,610961000000000.0,9.52e+16,1.62e+19,2.98e+21,5.91e+23,1.26e+26,2.85e+28,6.86e+30,1.75e+33,4.71e+35,1.33e+38,141,9.801102511,494.7640211,0.976802465
1,1.928881933,21.99287532,4015.358653,1225291.964,452048387.9,194609000000.0,95748800000000.0,5.3e+16,3.26e+19,2.21e+22,1.6299999999999998e+25,1.3e+28,1.12e+31,1.03e+34,1.02e+37,1.06e+40,1.18e+43,1.3800000000000001e+46,1.69e+49,130,20.33664181,4561.731224,0.928881933
1,1.200804559,2.364708262,8.70083595,43.83606668,242.8581491,1392.347661,8155.076943,48661.85985,295587.2295,1827028.9,11487646.8,73454150.69,477507576.5,3155048656.0,21182670864.0,144476000000.0,1000790000000.0,7039150000000.0,50260800000000.0,85,8.471542283,85.4816231,0.200804559
1,1.599967704,16.03037023,570.8460882,27819.70225,1644177.324,114009197.2,9072210811.0,814680000000.0,81478300000000.0,8979860000000000.0,1.08e+18,1.41e+20,1.99e+22,3e+24,4.83e+26,8.26e+28,1.5e+31,2.86e+33,5.7699999999999995e+35,124,28.46973129,1426.054664,0.599967704
1,1.307451298,3.377796053,19.91469959,182.0137812,2074.731176,27747.03653,424671.7514,7317828.866,140201324.6,2956504825.0,68053896712.0,1698060000000.0,45657300000000.0,1316180000000000.0,4.05e+16,1.33e+18,4.59e+19,1.68e+21,6.49e+22,123,8.537494872,118.9956989,0.307451298
1,1.694967063,6.684920716,63.31090757,976.5035581,19925.2959,499733.7965,14812203.44,504696783.3,19366854036.0,824234000000.0,38456400000000.0,1949470000000000.0,1.07e+17,6.25e+18,3.91e+20,2.6e+22,1.84e+24,1.37e+26,1.07e+28,189,6.213817925,90.56502939,0.694967063
1,1.766904656,6.688703282,47.17336229,471.1378414,5828.963046,84955.74129,1422863.295,26932971.47,568866450.8,13269446615.0,338909000000.0,9409160000000.0,282197000000000.0,9093780000000000.0,3.13e+17,1.15e+19,4.48e+20,1.84e+22,8.01e+23,148,5.044637568,47.64145609,0.766904656
1,1.885635807,10.296196,588.8128397,71406.40812,10635370.73,1849441791.0,367563000000.0,82181700000000.0,2.04e+16,5.58e+18,1.66e+21,5.37e+23,1.8699999999999998e+26,6.96e+28,2.77e+31,1.17e+34,5.2299999999999997e+36,2.47e+39,1.2300000000000001e+42,63,7.965972367,708.7923965,0.885635807
1,1.83365448,8.440599128,130.3847102,3855.101196,149468.1146,6869978.084,361970606.9,21468722087.0,1414980000000.0,102588000000000.0,8114030000000000.0,6.95e+17,6.42e+19,6.34e+21,6.69e+23,7.4899999999999995e+25,8.890000000000001e+27,1.11e+30,1.47e+32,94,6.489567996,150.5428529,0.83365448
1,1.069120544,1.463855454,4.064653181,23.20660658,171.2201302,1349.646128,10960.20558,91127.10302,774637.9768,6728264.518,59683320.85,540453273.7,4993871037.0,47067017539.0,452303000000.0,4430110000000.0,44209700000000.0,449354000000000.0,4650360000000000.0,195,14.11452247,339.9065996,0.069120544
1,1.737147178,6.891305183,50.68296512,474.0857454,5148.260455,68523.7541,1219159.924,29465529.7,900173018.9,32110405371.0,1277090000000.0,55407800000000.0,2594080000000000.0,1.3e+17,6.97e+18,3.97e+20,2.39e+22,1.52e+24,1.0199999999999999e+26,98,5.814339899,56.20429973,0.737147178
1,1.762409481,6.868270823,40.28228356,262.3863636,1758.936922,11966.85227,82417.53526,574278.8142,4047599.257,28852346.48,207978091.7,1515838686.0,11169528289.0,83197792325.0,626374000000.0,4765970000000.0,36645200000000.0,284697000000000.0,2234610000000000.0,196,5.379315644,35.06755845,0.762409481
1,1.846225683,8.048744373,79.65672003,1227.114759,23922.22131,550404.1283,14512141.09,430773430.8,14210815919.0,515719000000.0,20417700000000.0,875722000000000.0,4.04e+16,2e+18,1.06e+20,5.93e+21,3.52e+23,2.2099999999999997e+25,1.46e+27,133,5.793669557,77.55796533,0.846225683
1,1.959023748,11.03017859,130.886237,2147.489308,42965.39783,1007585.231,27085918.94,821230613.8,27729809819.0,1032170000000.0,41995800000000.0,1854520000000000.0,8.83e+16,4.52e+18,2.47e+20,1.43e+22,8.83e+23,5.749999999999999e+25,3.94e+27,69,7.616416765,103.8565922,0.959023748
1,1.940977899,10.04837778,183.3310002,6240.815929,272744.1521,14034838.45,826431298.6,54757112929.0,4031300000000.0,326470000000000.0,2.88e+16,2.76e+18,2.85e+20,3.14e+22,3.7e+24,4.63e+26,6.140000000000001e+28,8.589999999999999e+30,1.2599999999999999e+33,86,6.820264248,171.4215058,0.940977899
1,1.681071702,8.225958555,72.79418981,739.4168502,7902.739923,87827.09211,1012366.297,12086317.0,149270620.5,1905001067.0,25095994067.0,340940000000.0,4772170000000.0,68761100000000.0,1019070000000000.0,1.55e+16,2.43e+17,3.9e+18,6.42e+19,128,9.220839392,101.2739215,0.681071702
1,1.013648181,1.049911262,1.135921826,1.356363013,1.986111496,3.952583508,10.50243051,33.41037157,116.8622524,432.2457384,1666.045298,6655.228252,27485.92129,117195.4759,515339.1554,2334775.696,10888988.84,52235374.62,257537915.8,131,5.62368961,97.52288863,0.013648181
1,1.168190881,1.971337207,6.262008732,32.30554214,202.892867,1381.494876,9903.95958,74193.30878,579121.3178,4701439.857,39635745.33,346527942.0,3137831406.0,29393021693.0,284511000000.0,2842780000000.0,29292100000000.0,310973000000000.0,3398470000000000.0,102,6.766969312,84.33931823,0.168190881
1,1.526867622,4.559034574,23.15643266,143.7823008,946.8352196,6377.357356,43566.5847,301240.3485,2106956.901,14902939.03,106584331.5,770660648.5,5632857255.0,41613995863.0,310703000000.0,2344230000000.0,17871200000000.0,137646000000000.0,1070980000000000.0,165,5.173313521,39.92045977,0.526867622
1,1.414856223,4.212070419,84.11937238,5544.659891,531968.6176,61631931.66,8211533427.0,1232200000000.0,205488000000000.0,3.77e+16,7.54e+18,1.64e+21,3.82e+23,9.55e+25,2.55e+28,7.23e+30,2.17e+33,6.869999999999999e+35,2.29e+38,95,7.363235888,422.7648128,0.414856223
1,1.290890707,6.468072654,159.3954486,5142.009427,176076.0751,6319585.805,237133226.6,9284961911.0,378701000000.0,16063700000000.0,707598000000000.0,3.23e+16,1.53e+18,7.49e+19,3.79e+21,1.98e+23,1.06e+25,5.8999999999999996e+26,3.3700000000000003e+28,114,29.29062234,1634.043312,0.290890707
1,1.857824873,11.62457848,2317.640506,1047185.328,573496812.0,366478000000.0,267645000000000.0,2.2e+17,2.01e+20,2.02e+23,2.21e+26,2.62e+29,3.35e+32,4.5899999999999995e+35,6.7e+38,1.04e+42,1.71e+45,2.9599999999999997e+48,5.4099999999999996e+51,146,10.13345346,3097.43465,0.857824873
1,1.514317604,12.96032761,1015.899226,139865.0761,24053848.34,4859289855.0,1123340000000.0,292222000000000.0,8.45e+16,2.69e+19,9.32e+21,3.5e+24,1.4200000000000002e+27,6.14e+29,2.8400000000000002e+32,1.4e+35,7.259999999999999e+37,3.99e+40,2.31e+43,90,28.24302465,3667.527194,0.514317604
1,1.955508302,10.76077401,98.04757289,1004.103029,10635.51628,114865.8278,1261425.793,14074687.66,159501942.7,1835389738.0,21439901875.0,254186000000.0,3057880000000.0,37319800000000.0,461975000000000.0,5799240000000000.0,7.38e+16,9.52e+17,1.25e+19,180,7.381341084,69.81138866,0.955508302
1,1.733801568,7.764699635,66.88301437,753.5196124,9832.098375,143547.5201,2309772.445,40567185.6,771998355.5,15822139608.0,347444000000.0,8138310000000.0,202541000000000.0,5337250000000000.0,1.48e+17,4.35e+18,1.34e+20,4.3e+21,1.45e+23,40,7.259564787,80.27828365,0.733801568
1,1.516409418,6.672424297,126.4712331,4101.261187,164236.1043,7726729.989,424755686.2,28536972947.0,2729170000000.0,447088000000000.0,1.16e+17,3.85e+19,1.44e+22,5.85e+24,2.5400000000000003e+27,1.17e+30,5.74e+32,2.97e+35,1.6100000000000002e+38,11,11.11073406,397.0320745,0.516409418
1,1.989219025,10.16169086,110.5659081,1785.37677,36522.54984,890512.3049,25059849.02,797065402.1,28230030006.0,1100890000000.0,46852900000000.0,2160500000000000.0,1.07e+17,5.71e+18,3.24e+20,1.95e+22,1.25e+24,8.41e+25,5.97e+27,72,6.29556742,80.58261096,0.989219025
1,1.910630213,9.548342563,130.2996982,2936.952066,77736.84945,2168711.938,61920196.24,1793899623.0,52587303638.0,1558190000000.0,46646100000000.0,1410430000000000.0,4.31e+16,1.33e+18,4.13e+19,1.3e+21,4.12e+22,1.32e+24,4.2699999999999995e+25,190,6.693373505,121.2787779,0.910630213
1,1.780292959,8.025222655,78.88135758,1151.216355,21234.49842,467325.7646,11900377.93,343408503.5,11058412075.0,392718000000.0,15237800000000.0,641091000000000.0,2.91e+16,1.41e+18,7.32e+19,4.03e+21,2.35e+23,1.45e+25,9.39e+26,134,6.796138616,89.4499294,0.780292959
1,1.141942902,1.840425738,4.899070069,18.30659792,78.14159878,350.5276673,1615.095081,7599.852422,36462.218,178252.0234,887570.1908,4499849.998,23220981.83,121931619.5,651292597.0,3537815529.0,19537671878.0,109666000000.0,625490000000.0,125,7.752747977,68.94178977,0.141942902
1,1.839061636,11.250674,186.3030692,4408.920671,126800.8762,4259611.93,163561021.1,7065723964.0,339152000000.0,17907100000000.0,1031450000000000.0,6.44e+16,4.33e+18,3.11e+20,2.39e+22,1.95e+24,1.69e+26,1.5400000000000001e+28,1.48e+30,84,10.0620085,212.1158539,0.839061636
1,1.708537158,11.17220715,163.0110084,2810.070825,51585.88408,995633.7118,20134795.1,425708360.0,9392104824.0,215846000000.0,5158890000000.0,128044000000000.0,3295790000000000.0,8.79e+16,2.42e+18,6.9e+19,2.03e+21,6.16e+22,1.93e+24,45,13.49174836,250.1338114,0.708537158
1,1.122699171,1.587199227,3.190464406,8.831799615,29.16171405,103.7137529,380.716691,1421.404922,5371.235903,20509.69497,79088.29389,307907.4845,1210095.475,4800249.197,19218186.34,77647564.44,316572952.2,1302311598.0,5405258462.0,120,5.09780628,38.38320824,0.122699171
1,1.47379776,4.990298926,32.19834904,255.4355467,2167.851405,19173.89308,175789.7143,1667490.891,16345019.59,165385661.1,1725737091.0,18553099349.0,205328000000.0,2337290000000.0,27345000000000.0,328567000000000.0,4051830000000000.0,5.12e+16,6.64e+17,81,7.876960143,80.5398795,0.47379776
1,1.841210019,7.557325546,53.35265032,510.0998559,6034.942077,84864.94423,1382769.982,25620643.39,531978837.9,12233381376.0,308559000000.0,8467480000000.0,251086000000000.0,7998470000000000.0,2.72e+17,9.87e+18,3.79e+20,1.54e+22,6.58e+23,99,5.228130922,44.04903552,0.841210019
1,1.817122745,8.68619322,114.0443633,2392.344909,62570.59764,1916317.608,67057209.09,2638912073.0,115374000000.0,5548890000000.0,291183000000000.0,1.66e+16,1.01e+18,6.66e+19,4.67e+21,3.48e+23,2.7399999999999996e+25,2.29e+27,2.0100000000000002e+29,36,7.087143345,130.6030967,0.817122745
